Lead ID,Brand,Legal Name,INN,OGRN / OGRNIP,Legal Status,Region,City,Segment,Subsegment,Website,Company Description,Company Size,Employee Estimate,Revenue,Profit,Financial Period,Revenue Source,Revenue Confidence,Signal Level,Signal Summary,Signal Date,Signal Source,News Context,Business Context,Why Company Is Selected,Consulting Hypothesis,Potential Product,Owner,Founder,CEO,LPR,LPR Role,LPR Source,Primary Phone,Primary Email,Telegram,VK,HH Contact,Contact Form,Other Contact,Contact Type,Contact Source,Number Of Contacts Found,Current Stage,Final Quick Status,Attempts,Last Action,Last Meaningful Change,Blocker,Next Action,Exclusion Reason,Added At,Updated At,Run ID
GRM-001,SAFDECOR,ООО «САФДЕКОР»,1683002806,1221600008035,Действует,Республика Татарстан,с. Большие Кабаны,Производство,ПВХ-плёнки и декоративные покрытия,https://safdecor.ru/,Российский производитель ПВХ-плёнки и локальная альтернатива импорту,Малое предприятие,3,37092000,143000,2024,РБК Компании,HIGH,S2,Запуск локального производства и выход на рынок; рост выручки 27.88%,2026-07-18,https://safdecor.ru/; https://companies.rbc.ru/id/1221600008035-obschestvo-s-ogranichennoj-otvetstvennostyu-safdekor/,Импортозамещение материалов для мебельной и интерьерной индустрии,Молодое производство проходит этап вывода продукта и построения B2B-продаж,Компания запускает локальное производство и растёт; на этом этапе критичны дилерская модель CRM и коммерческая аналитика,Диагностика B2B-продаж и дорожная карта дилерской сети и аналитики,Диагностика коммерческой системы,Миннегалиев Хамит Минневалиевич,Миннегалиев Хамит Минневалиевич,Евсеев Андрей Алексеевич,Миннегалиев Хамит Минневалиевич,Собственник 76%,РБК Компании,+7 (843) 208-11-11,op@safdecor.ru,https://t.me/safdecor,,,https://safdecor.ru/,,Корпоративный маршрут и Telegram бренда,Официальный сайт SAFDECOR,3,CONTACT ROUTE FOUND,МОЖНО СВЯЗЫВАТЬСЯ,1,Восстановлена карточка; проверены юрлицо собственник масштаб и контакты,2026-07-20T16:19:00+03:00,,Во второй итерации подготовить отраслевой инсайт и обращение собственнику,,2026-07-20T16:19:00+03:00,2026-07-20T16:19:00+03:00,GR-20260720-001
GRM-002,STACK / e-commerce Ильи Батталова,ИП Батталов Илья Маратович,380120315900,321385000043966,Действует,Удмуртская Республика,Байдалино,E-commerce,Маркетплейсы Ozon/Wildberries,,E-commerce бизнес собственника на маркетплейсах,Заявленный средний оборот,,124000000,,Заявленный текущий масштаб,Вакансия HH — данные собственника,MEDIUM,S1,Собственник ищет COO для роста с 124 млн до 500+ млн с P&L по SKU закупками логистикой и KPI,2026-02-20,https://hh.ru/vacancy/130258814; https://companies.rbc.ru/persons/ogrnip/321385000043966-battalov-ilya-maratovich/,Рост через Ozon и запуск Wildberries,Прямо сформулирована задача масштабирования маржинальности и систематизации управления,Собственник публично описал цель роста и конкретные задачи по P&L ассортименту закупкам логистике и KPI,Проектная диагностика e-commerce системы и 90-дневная дорожная карта,Система управления и настройка P&L,Батталов Илья Маратович,Батталов Илья Маратович,Батталов Илья Маратович,Батталов Илья Маратович,Собственник / ИП,HH и РБК Компании,,,,,https://hh.ru/vacancy/130258814,,,Прямой маршрут через вакансию собственника,HH,1,CONTACT ROUTE FOUND,МОЖНО СВЯЗЫВАТЬСЯ,1,Подтверждены ИП ИНН owner-first сигнал и HH-маршрут,2026-07-20T16:19:00+03:00,,Во второй итерации подготовить обращение как консультанта не как соискателя,,2026-07-20T16:19:00+03:00,2026-07-20T16:19:00+03:00,GR-20260720-001
GRM-003,Авталон,ООО «АВТАЛОН»,7743380595,1227700260985,Действует,Москва,Москва,E-commerce,Интернет-торговля и автокомпоненты,,Интернет-торговля; дополнительные виды деятельности включают автокомпоненты,Среднее,,378694000,24905000,2025,РБК Компании,HIGH,S3,Выручка выросла с 17.16 млн до 378.69 млн за год; гипотеза запроса требует проверки,2026-07-07,https://companies.rbc.ru/id/1227700260985-ooo-avtalon/,Резкое масштабирование интернет-торговли,Рост более чем в 20 раз создаёт риск разрыва между оборотом процессами аналитикой и структурой,Компания за год выросла с 17.16 до 378.69 млн при положительной прибыли; вероятна потребность в пересборке процессов и аналитики,Экспресс-диагностика управляемости роста: P&L воронка закупки команда CRM,Аудит управляемости и стратегия роста,Волков Константин Георгиевич,Волков Константин Георгиевич,Волков Константин Георгиевич,Волков Константин Георгиевич,Собственник и генеральный директор,РБК Компании,,,,,,,,,,0,LPR IDENTIFIED,НУЖНА ДОПРОВЕРКА,1,Подтверждены юрлицо ИНН финансы и собственник; контакт не подтверждён,2026-07-20T16:19:00+03:00,Не найден проверенный открытый маршрут связи,Найти официальный сайт телефон email HH или публичный профиль собственника,,2026-07-20T16:19:00+03:00,2026-07-20T16:19:00+03:00,GR-20260720-001
GRM-004,Новотерская / Велнесс Фонтейн,ООО «ВЕЛНЕСС ФОНТЕЙН»,7725591794,1067761262117,Действует,Москва,Москва,FMCG,Минеральная вода и дистрибуция,https://novoterskaya.ru/,Официальный дистрибьютор бренда «Новотерская»,Среднее,,466816000,80206000,2025 / ранее сохранённая карточка,data/company_pipeline.csv; официальный сайт,MEDIUM,S2,Ранее зафиксировано снижение выручки 78.7%; сайт подтверждает юрлицо и действующие каналы,2026-07-20,https://novoterskaya.ru/; data/company_pipeline.csv,Бренд развивает фирменную розницу и несколько каналов дистрибуции,Сильное изменение выручки и несколько юрлиц создают гипотезу о пересборке коммерческой модели,Резкое снижение выручки при продолжающихся продажах и фирменной рознице указывает на задачу по экономике каналов и ассортименту,Диагностика каналов продаж и P&L по продуктам и каналам,Диагностика коммерческой системы,Изибаев Андрей Алексеевич,Изибаев Андрей Алексеевич,Изибаев Андрей Алексеевич,Изибаев Андрей Алексеевич,Собственник / руководитель по сохранённой карточке,data/company_pipeline.csv,+7 (495) 133-59-41,oper@kmv-m.ru,,,,https://novoterskaya.ru/,sales@wfpremium.ru; zavod@novoterskaya.ru,Корпоративный маршрут с просьбой передать собственнику,Официальный сайт Новотерской,4,CONTACT ROUTE FOUND,МОЖНО СВЯЗЫВАТЬСЯ,1,Подтверждена связь бренда и юрлица; найден телефон и три email,2026-07-20T16:19:00+03:00,,Во второй итерации перепроверить финансовый период и подготовить обращение,,2026-07-20T16:19:00+03:00,2026-07-20T16:19:00+03:00,GR-20260720-001
GRM-005,ECONEX,ООО «ТОРГОВЫЙ ДОМ «ЭКОНЕКС»,3459011235,1143443020247,Действует,Волгоградская область,Волгоград,Производство,Промышленное светодиодное освещение,https://econex.ru/,Производитель промышленного освещения с региональной сетью,Среднее,,246800000,23701000,2025,РБК Компании,HIGH,S2,Выручка снизилась с 359.3 млн до 246.8 млн; широкая региональная сеть и проектные продажи,2026-07-20,https://companies.rbc.ru/id/1143443020247-ooo-torgovyij-dom-ekoneks/; https://econex.ru/contacts/,Региональная сеть и проектные продажи в промышленном B2B,Падение выручки на фоне сложной региональной структуры создаёт запрос на эффективность продаж,Выручка снизилась примерно на треть при работе во многих регионах; есть повод проверить воронку и эффективность территорий,Диагностика проектных продаж региональной воронки KPI и аналитики,Аудит маркетинга и продаж,,,Малюк Вячеслав,Малюк Вячеслав,Генеральный директор,Официальный сайт ECONEX,+7 (8442) 72-77-72 доб. 103,vm@econex.ru,,,,https://econex.ru/contacts/,cto@econex.ru; hos@econex.ru; info@econex.ru; 8 800 500-34-97,Прямой публичный контакт генерального директора,Официальный сайт ECONEX,8,CONTACT ROUTE FOUND,МОЖНО СВЯЗЫВАТЬСЯ,1,Подтверждены финансы региональная структура и прямые контакты руководителей,2026-07-20T16:19:00+03:00,,Во второй итерации подготовить отраслевой benchmark и обращение директору,,2026-07-20T16:19:00+03:00,2026-07-20T16:19:00+03:00,GR-20260720-001
GRM-006,ПРОФЛИСТ МАРКЕТ,ООО «ПРОФЛИСТ МАРКЕТ»,4800014271,1244800002424,Действует,Липецкая область,с. Ситовка,Оптовая торговля,Профнастил и строительные материалы,https://proflistm.com/,Оптовый поставщик профнастила со складами в нескольких городах,Выше основного диапазона,,626498000,1311000,2025,РБК Компании,HIGH,S2,Рост выручки с 141.2 млн до 626.5 млн; склады в пяти городах и анонс ещё двух,2026-07-20,https://companies.rbc.ru/id/1244800002424-ooo-proflist-market/; https://proflistm.com/,Складская экспансия по России,Рост более чем в четыре раза и расширение сети при низкой чистой марже,Компания выросла в 4.4 раза и расширяет склады при прибыли 1.3 млн; сильная гипотеза по маржинальности и экономике складов,Диагностика P&L SKU-экономики оборачиваемости и регионального масштабирования,Повышение маржинальности и настройка P&L,Бодров Сергей Сергеевич,Бодров Сергей Сергеевич,Бодров Сергей Сергеевич,Бодров Сергей Сергеевич,Собственник и директор,РБК Компании,+7 903 168-05-19,info@proflistm.com,,,,https://proflistm.com/,,Корпоративный маршрут к собственнику,Официальный сайт ПРОФЛИСТ МАРКЕТ,3,CONTACT ROUTE FOUND,МОЖНО СВЯЗЫВАТЬСЯ,1,Подтверждены юрлицо собственник рост экспансия и контакты,2026-07-20T16:19:00+03:00,,Во второй итерации подготовить обращение о маржинальности и экономике сети,,2026-07-20T16:19:00+03:00,2026-07-20T16:19:00+03:00,GR-20260720-001
GRM-007,STILMA,ООО «ЛИБЕРТИ ДРАЙВ»,9705165537,1227700086437,Действует,Москва,Москва,E-commerce / FMCG,Бытовая и автохимия,,Юрлицо владеет торговой маркой STILMA; основной ОКВЭД — интернет-торговля,Пограничный / выше целевого,1,509458000,2518000,2025,РБК Компании,HIGH,S3,Рост выручки с 405.2 млн до 509.5 млн; новая торговая марка в 2026; гипотеза требует проверки,2026-07-02,https://companies.rbc.ru/id/1227700086437-obschestvo-s-ogranichennoj-otvetstvennostyu-liberti-drajv/,Развитие торговой марки и e-commerce направления,Высокий оборот при минимальной штатной численности может означать аутсорсинговую модель,Выручка превысила 500 млн и зарегистрирована новая марка при одном сотруднике; нужно проверить реальную структуру и контакты,Проверить потребность в коммерческой аналитике оргструктуре и управлении подрядчиками,Организационная структура и коммерческая аналитика,Багиров Артур Робертович,Багиров Артур Робертович,Багиров Артур Робертович,Багиров Артур Робертович,Собственник и генеральный директор,РБК Компании,,,,,,,,,,0,SIGNAL CONFIRMED,RESERVE,1,Подтверждены товарный знак юрлицо собственник и финансы; контакт не найден,2026-07-20T16:19:00+03:00,Масштаб чуть выше 500 млн; нет подтверждённого сайта и контакта,Проверить связь бренда с сайтом/маркетплейсами и найти маршрут к собственнику,,2026-07-20T16:19:00+03:00,2026-07-20T16:19:00+03:00,GR-20260720-001
GRM-008,Алтай Рестарт,ООО «ГРАНД-КРИО АЛТАЙ»,2222881628,1192225043680,Действует,Алтайский край,Белокуриха,Hospitality / Wellness,Премиальный курорт и превентивная медицина,https://altay-restart.ru/,Премиальный курорт с wellness- и медицинской инфраструктурой,Среднее,10–56,122246000,7353000,2024,РБК Компании — поступления от текущих операций,MEDIUM,S2,Развитие нового премиального курортного бренда гостиничной wellness- и медицинской инфраструктуры,2026-07-20,https://altay-restart.ru/; https://companies.rbc.ru/id/1192225043680-obschestvo-s-ogranichennoj-otvetstvennostyu-grand-krio-altaj/,Запуск комплексного продукта с медициной SPA рестораном и корпоративным отдыхом,Мультипродуктовая модель требует синхронизации маркетинга продаж загрузки и экономики направлений,Компания развивает новый курорт с несколькими центрами прибыли; нужна единая коммерческая модель и аналитика загрузки,Диагностика коммерческой модели сегментации и экономики направлений,Аудит маркетинга и продаж,Шуппо Владимир Петрович,Шуппо Владимир Петрович,Шуппо Владимир Петрович,Шуппо Владимир Петрович,Собственник и генеральный директор,РБК Компании,+7 (800) 707-36-40,sales@altay-restart.ru,ссылка Telegram на официальном сайте,,,https://altay-restart.ru/contacts,+7 905 080-42-77,Официальный корпоративный маршрут и резервный телефон,Официальный сайт; Companium,4,CONTACT ROUTE FOUND,МОЖНО СВЯЗЫВАТЬСЯ,1,Подтверждены бренд-юрлицо собственник масштаб и контакты,2026-07-20T16:19:00+03:00,,Во второй итерации подготовить обращение о коммерческой модели курорта,,2026-07-20T16:19:00+03:00,2026-07-20T16:19:00+03:00,GR-20260720-001
GRM-009,Новые технологии печати упаковки,ООО «НОВЫЕ ТЕХНОЛОГИИ ПЕЧАТИ УПАКОВКИ»,7708768787,1127746654430,Действует,Москва,Москва,Производство / B2B,Защищённая печать и упаковка,https://printing-technologies.ru/,Полиграфическая компания по защите брендов и упаковки от контрафакта,Малое предприятие,2,16844000,308000,2025,РБК Компании,HIGH,S3,Выручка снизилась с 27.3 млн до 16.8 млн; технологичный B2B-продукт; гипотеза требует проверки,2026-07-07,https://companies.rbc.ru/id/1127746654430-ooo-novyie-tehnologii-pechati-upakovki/; https://printing-technologies.ru/contact/,Рынок защиты брендов и маркировки требует сложных B2B-продаж,Снижение выручки и маленькая команда могут требовать пересборки коммерческой модели,Выручка снизилась примерно на 38% при сложном B2B-продукте; потенциальная задача — сегментация и проектные продажи,Аудит B2B-маркетинга и продаж и план восстановления воронки,Аудит маркетинга и продаж,Точёнов Сергей Юрьевич,Точёнов Сергей Юрьевич,Точёнов Сергей Юрьевич,Точёнов Сергей Юрьевич,Совладелец и директор,РБК Компании,+7 (495) 740-68-69,info@printing-technologies.ru,,,,https://printing-technologies.ru/contact/,+7 (495) 923-01-29,Официальный корпоративный маршрут к совладельцу-директору,Официальный сайт компании,4,CONTACT ROUTE FOUND,МОЖНО СВЯЗЫВАТЬСЯ,1,Подтверждены юрлицо совладелец-директор финансы и контакты,2026-07-20T16:19:00+03:00,,Во второй итерации подготовить инсайт и обращение по B2B-воронке,,2026-07-20T16:19:00+03:00,2026-07-20T16:19:00+03:00,GR-20260720-001
GRM-010,Семаргл,ООО «СЕМАРГЛ»,7814454694,1099847019580,Действует,Санкт-Петербург,Санкт-Петербург,Производство / Инжиниринг,Автоматизация складской логистики,https://semargl.pro/,Российская компания по автоматизации внутрискладской логистики и производства,Пограничный / выше целевого,,518936000,13571000,2022,РБК Компании — период устарел,MEDIUM,S3,Развитие российских решений для автоматизации; свежий запрос и масштаб требуют перепроверки,2026-07-20,https://semargl.pro/company/; https://companies.rbc.ru/id/1099847019580-ooo-semargl/,Импортозамещение и автоматизация складской логистики,Сложные проектные продажи и широкий отраслевой охват требуют сильной коммерческой системы,Компания имеет собственную разработку и продаёт сложные проекты; перспективна но свежий финансовый масштаб и триггер не подтверждены,Проверить задачу по проектной воронке сегментации KPI и связке маркетинга с продажами,Диагностика коммерческой системы,Егоров Андрей Александрович и другие участники,,Егоров Андрей Александрович,Егоров Андрей Александрович,Генеральный директор и совладелец,РБК Компании,+7 (812) 702-10-21,info@semargl.pro,,,,https://semargl.pro/,+7 921 882-42-89; ymishenina@semargl.pro,Корпоративный маршрут и дополнительные открытые контакты,Официальный сайт; Companium,4,CONTACT ROUTE FOUND,RESERVE,1,Подтверждены юрлицо директор сайт и контакты; свежие финансы не найдены,2026-07-20T16:19:00+03:00,Финансовые данные относятся к 2022; масштаб немного выше целевого,Обновить финансы и найти свежий бизнес-сигнал,,2026-07-20T16:19:00+03:00,2026-07-20T16:19:00+03:00,GR-20260720-001
GRM-011,ET.LASER,ООО «ЕТ-ЛАЗЕР»,9705129176,1197746162525,Действует,Москва,Москва,Beauty / Medical,Лазерная косметология,https://et-laser.ru/,Сеть клиник лазерной косметологии с партнёрской программой и клиентской базой,Малое предприятие,2 по юрлицу,52495000,178000,2025,РБК Компании,HIGH,S2,Рост выручки с 37.6 до 52.5 млн и запуск масштабируемой партнёрской программы с личным кабинетом и прозрачной воронкой,2026-07-20,https://et-laser.ru/partnership; https://companies.rbc.ru/id/1197746162525-obschestvo-s-ogranichennoj-otvetstvennostyu-et-lazer/,Партнёрская программа ориентирована на массовое привлечение клиентов через мастеров beauty-сегмента,Компания масштабирует новый канал продаж и управляет конверсией партнёрских лидов в записи и оплаты,Выручка выросла почти на 40% и одновременно запущен отдельный партнёрский канал с личным кабинетом; это создаёт задачу по экономике канала CRM и контролю конверсии,Диагностика партнёрской воронки экономики привлечения и операционной модели между двумя городами,Диагностика коммерческой системы,Галушин Виктор Николаевич; Смирнов Дмитрий Андреевич,Галушин Виктор Николаевич,Смирнова Нелли Сергеевна,Галушин Виктор Николаевич / Смирнова Нелли Сергеевна,Соучредитель / генеральный директор,Т-Банк; официальный сайт,+7 (499) 110-16-66,info@et-laser.ru,,,,https://et-laser.ru/about,https://et-laser.ru/partnership,Корпоративный маршрут и форма письма директору,Официальный сайт ET.LASER,4,CONTACT ROUTE FOUND,МОЖНО СВЯЗЫВАТЬСЯ,1,Подтверждены юрлицо финансы владельцы новый партнёрский канал и контакты,2026-07-20T18:10:00+03:00,,Во второй итерации подготовить анализ партнёрской воронки и обращение ЛПР,,2026-07-20T18:10:00+03:00,2026-07-20T18:10:00+03:00,GR-20260720-002
GRM-012,AldanDev,ООО «АЛДАНДЕВ»,9726056391,1237700710202,Действует,Москва,Москва,IT / Venture,Венчурная студия и разработка ПО,https://aldandev.com/,Венчурная экосистема и разработчик ПО для масштабирования портфельных компаний,Среднее,,149095000,-8219000,2025,Saby,HIGH,S3,Смена генерального директора и владельца весной 2026; компания заявляет помощь портфельным бизнесам с масштабированием и выходом на новые рынки,2026-04-29,https://aldandev.com/; https://saby.ru/profile/9726056391-770701001,В марте–апреле 2026 сменились генеральный директор и владелец,Компания сама работает на стыке венчурной студии разработки и стратегического сопровождения,Выручка 149.1 млн при убытке 8.2 млн и смене управленческой структуры; возможна задача по коммерческой модели портфеля но есть пересечение с консалтингом,Проверить потребность в портфельной аналитике P&L и системе управления проектами после смены руководства,Настройка P&L и аналитики,АО «ГИХОН»,,Сотников Илья Алексеевич,Сотников Илья Алексеевич,Генеральный директор,Saby; Т-Банк,+7 915 211-46-17,team@aldandev.com,,,,https://aldandev.com/,,Корпоративный маршрут к генеральному директору,Официальный сайт AldanDev,3,CONTACT ROUTE FOUND,RESERVE,1,Подтверждены новое руководство финансы и контакты,2026-07-20T18:10:00+03:00,Компания сама оказывает услуги масштабирования и может быть конкурентом или партнёром; запрос на внешний консалтинг не подтверждён,Проверить роль компании как покупателя а не поставщика консалтинга,,2026-07-20T18:10:00+03:00,2026-07-20T18:10:00+03:00,GR-20260720-002
GRM-013,УЗЕЛ СИЛА,ООО «СИЛА-ЦЕНТР»,6312113811,1126312000011,Действует,Самарская область,Самара,Производство / B2B,Крепёж для деревянного домостроения,https://uzel-sila.ru/,Единственный лицензированный производитель крепежа УЗЕЛ СИЛА с дилерской сетью по России,Малое предприятие,10,20750000,124000,2024,ФНС через Tochka / Xfirm,HIGH,S2,Развитая дилерская сеть по России; сотрудничество со строительными компаниями и расширение представленности в сетях,2026-07-20,https://uzel-sila.ru/о-компании/; https://check.tochka.com/company/1126312000011/,Производитель расширяет сеть представителей и приглашает строительные и проектные компании к сотрудничеству,Небольшое производство управляет федеральным дилерским каналом при низкой чистой прибыли,Компания имеет сеть представителей по стране и производственную мощность на более тысячи домов при выручке 20.8 млн и прибыли 124 тыс; вероятна задача по экономике дилеров и маржинальности,Диагностика дилерского канала территориальной эффективности CRM и маржинальности продаж,Аудит маркетинга и продаж,Ненашев Сергей Владимирович,Ненашев Сергей Владимирович,Ненашев Сергей Владимирович,Ненашев Сергей Владимирович,Собственник и директор,Tochka; официальный сайт,+7 916 140-55-99,sale@uzel-sila.ru,,ссылка с официального сайта,,https://uzel-sila.ru/контакты/,+7 927 716-38-13; 8 800 755-37-57; info@uzel-sila.ru,Прямой телефон директора и корпоративные маршруты,Официальный сайт УЗЕЛ СИЛА,6,CONTACT ROUTE FOUND,МОЖНО СВЯЗЫВАТЬСЯ,1,Подтверждены юрлицо собственник масштаб дилерский сигнал и прямой телефон директора,2026-07-20T18:10:00+03:00,,Во второй итерации подготовить отраслевой benchmark дилерской сети и обращение собственнику,,2026-07-20T18:10:00+03:00,2026-07-20T18:10:00+03:00,GR-20260720-002
GRM-014,1КЛИК,ООО «1КЛИК»,9715234324,5157746173448,Действует,Москва,Москва,IT / B2B,1С-интеграция и автоматизация,https://www.1clickgroup.ru/,Интегратор 1С и корпоративных решений для автоматизации бизнеса,Среднее,25,444387000,109351000,2025,РБК Компании,HIGH,S3,Выручка выросла с 298.1 до 444.4 млн при команде 25 человек; гипотеза запроса требует проверки,2026-07-08,https://companies.rbc.ru/id/5157746173448-obschestvo-s-ogranichennoj-otvetstvennostyu-1klik/; https://www.1clickgroup.ru/,Рост проектного IT-бизнеса почти на 50% за год,Высокая выручка на сотрудника указывает на интенсивную проектную модель и возможные ограничения пресейла и delivery,Компания выросла на 49% до 444.4 млн при 25 сотрудниках и высокой прибыли; возможен разрыв между продажами пресейлом ресурсным планированием и качеством проектов,Проверить систему управления проектной воронкой сегментацию клиентов загрузку команды и повторные продажи,Диагностика коммерческой системы,Агафонов Антон Юрьевич; Ревунова Екатерина Владимировна,,Агафонов Антон Юрьевич,Агафонов Антон Юрьевич,Соучредитель и генеральный директор,РБК Компании,+7 (495) 223-12-05,mail@1clickgroup.ru,,,,https://www.1clickgroup.ru/,,Корпоративный маршрут к генеральному директору,Официальный сайт 1КЛИК,3,CONTACT ROUTE FOUND,МОЖНО СВЯЗЫВАТЬСЯ,1,Подтверждены юрлицо финансы владельцы и контакты,2026-07-20T18:10:00+03:00,,Во второй итерации проверить свежий управленческий сигнал и подготовить обращение,,2026-07-20T18:10:00+03:00,2026-07-20T18:10:00+03:00,GR-20260720-002
GRM-015,БашСептик,ИП Ядгаров Артур Уралович,740420063985,318745600144251,Действует по данным официального сайта,Республика Башкортостан,Уфа,Строительство / Сервис,Автономная канализация и монтаж,https://bashseptik.ru/,Подбор установка и обслуживание автономных канализаций; дилер 18 производителей,Растущий региональный бизнес,,,,,Официальный сайт и вакансия; финансовые данные не найдены,,S1,Входящие заявки выросли с 300 до более 1500 в месяц; собственник ищет операционного директора чтобы выйти из операционки и открыть новые рынки,2026-04-27,https://h.careers/job/953dd533-1aa9-490b-a78c-b2f66a3adef9; https://bashseptik.ru/,Компания работает с 2018 года; расширяет географию и управленческую команду,Рост потока заявок требует синхронизации продаж монтажа сервиса логистики документооборота и KPI,Собственник прямо описывает рост заявок в пять раз и необходимость передать операционное управление ради стратегии и новых рынков,Диагностика операционной системы воронки маржинальности загрузки монтажных бригад и план вывода собственника из операционки,Система управления и вывод собственника из операционки,Ядгаров Артур Уралович,Ядгаров Артур Уралович,Ядгаров Артур Уралович,Ядгаров Артур Уралович,Собственник / ИП,Официальный сайт и owner-first вакансия,+7 960 804-29-96,,,,Вакансия операционного директора БашСептик,https://bashseptik.ru/,Маршрут через вакансию и форму сайта,Прямой owner-first маршрут и корпоративный телефон,Официальный сайт; вакансия,3,CONTACT ROUTE FOUND,МОЖНО СВЯЗЫВАТЬСЯ,1,Подтверждены ИП сильный S1 сигнал и официальный телефон,2026-07-20T18:10:00+03:00,,Во второй итерации перепроверить финансовый масштаб и подготовить обращение собственнику,,2026-07-20T18:10:00+03:00,2026-07-20T18:10:00+03:00,GR-20260720-002
GRM-016,LABÁ,ООО «ФЛЕГЕВЕЛЬТ»,4705094340,1224700005090,Действует,Ленинградская область,Волосово,Beauty / E-commerce,Косметика и уходовые бренды,https://labacosmetic.com/,Владелец брендов LABÁ VAERE и KUSSE; продажи косметики через интернет и розничные каналы,Среднее,25 по Xfirm / 2 по РБК; требует сверки,218530000,-8270000,2025,Т-Банк / Xfirm,HIGH,S2,Выручка выросла до 218.5 млн при сохранении убытка; портфель из трёх брендов и активное расширение ассортимента,2026-03-17,https://labacosmetic.com/; https://labacosmetic.com/politica; https://www.tbank.ru/business/contractor/legal/1224700005090/,Бренд выпускает новые линейки и развивает коллаборации и маркетплейс-каналы,Мультибрендовая и многоканальная модель растёт но остаётся убыточной,Выручка выросла на 47% до 218.5 млн при убытке 8.3 млн и трёх брендах; вероятна задача по ассортиментной и канальной экономике,Диагностика P&L по брендам SKU и каналам; приоритеты ассортимента и маркетинговой эффективности,Повышение маржинальности и настройка P&L,Черногорский Вячеслав Константинович 51%; Сократилин Сергей Владимирович 49%,,Черногорский Вячеслав Константинович,Черногорский Вячеслав Константинович,Совладелец и генеральный директор,Т-Банк; РБК Компании,,,,,,https://labacosmetic.com/,,Публичный сайт бренда; прямой контакт не найден,Официальный сайт LABÁ,1,LPR IDENTIFIED,НУЖНА ДОПРОВЕРКА,1,Подтверждены бренд юрлицо владельцы финансы и бизнес-сигнал,2026-07-20T18:10:00+03:00,Не найден публичный телефон или email компании и не подтверждён рабочий маршрут к ЛПР,Найти контакты отдела партнёрств маркетинга или собственника; проверить карточки маркетплейсов и соцсети,,2026-07-20T18:10:00+03:00,2026-07-20T18:10:00+03:00,GR-20260720-002
GRM-017,HEALTHBAND,ООО «ХЕЛСБЕНД»,5031144330,1225000009046,Действует,Московская область,Электросталь / Москва,HealthTech / Retail,Часы и браслеты здоровья,https://healthband.ru/,Бренд часов и браслетов здоровья с офисом и шоурумом в Москве и продажами по СНГ,Микробизнес по юрлицу; реальный операционный масштаб требует проверки,1 по ООО,0,-228000,2024,РБК Компании / Tochka,HIGH для ООО; операционные продажи могут идти через ИП,S3,Официальный сайт показывает офис шоурум и доставку по СНГ при нулевой выручке ООО; гипотеза запроса требует проверки,2026-07-20,https://healthband.ru/; https://healthband.ru/kontakty; https://companies.rbc.ru/id/1225000009046-obschestvo-s-ogranichennoj-otvetstvennostyu-helsbend/,Компания поддерживает физический шоурум в Афимолле и отдельное направление в Казахстане,Публичный масштаб бренда не совпадает с отчётностью ООО; возможны продажи через ИП собственника,Бренд имеет офис шоурум и СНГ-географию но ООО показывает нулевую выручку; перед обращением нужно установить реальное операционное юрлицо и финансовую способность,После уточнения структуры проверить экономику каналов retail e-commerce и СНГ а также управленческую аналитику,Диагностика коммерческой системы,Сухоруков Иван Юрьевич,Сухоруков Иван Юрьевич,Сухоруков Иван Юрьевич,Сухоруков Иван Юрьевич,Собственник и генеральный директор,РБК Компании,+7 (495) 255-44-99,mail@healthband.ru,,,,https://healthband.ru/kontakty,+7 (499) 433-05-20; +7 (777) 084-63-00; almaty@healthband.net,Корпоративные маршруты офиса шоурума и СНГ,Официальный сайт HEALTHBAND,5,CONTACT ROUTE FOUND,НУЖНА ДОПРОВЕРКА,1,Подтверждены ООО собственник бренд география и контакты,2026-07-20T18:10:00+03:00,Финансовая способность и операционное юрлицо не подтверждены; ООО показывает нулевую выручку,Проверить ИП Сухорукова и определить через какое лицо идут продажи,,2026-07-20T18:10:00+03:00,2026-07-20T18:10:00+03:00,GR-20260720-002
GRM-018,MED YU MED,ООО «МЕД-Ю-МЕД»,7730315567,1237700886081,Действует,Москва,Москва / Дубай,Beauty / Medical,Косметологические клиники и e-commerce,https://med-yu-med.ru/,Косметологическая клиника с двумя площадками в Москве точкой в Дубае и интернет-магазином,Выше основного диапазона,,536248000,188920000,2025,РБК Компании / Т-Банк,HIGH,S2,Выручка выросла с 111 до 536.2 млн; две клиники в Москве точка в Дубае и отдельный интернет-магазин,2026-07-20,https://med-yu-med.ru/about/; https://companies.rbc.ru/id/1237700886081-ooo-ooo-med-yu-med/,Бизнес развивает международную площадку и e-commerce наряду с клиниками,Рост почти в пять раз и несколько центров прибыли усложняют управление загрузкой и экономикой услуг,Компания за год выросла почти в пять раз до 536.2 млн и управляет клиниками в двух странах и магазином; сильный сигнал на систему управления но масштаб чуть выше лимита,Диагностика P&L по локациям услугам и e-commerce; система управления ростом и загрузкой,Система управления и настройка P&L,Хасиев Арсланбек Русланович,,Хасиев Арсланбек Русланович,Хасиев Арсланбек Русланович,Собственник и генеральный директор,Т-Банк; РБК Компании,8 800 550-08-96,info@med-yu-med.ru,Ссылка Telegram на официальном сайте,,,https://med-yu-med.ru/kontakty/,WhatsApp; +7 926 731-52-35 для интернет-магазина,Корпоративный маршрут к собственнику и каналы клиники,Официальный сайт MED YU MED,5,CONTACT ROUTE FOUND,RESERVE,1,Подтверждены юрлицо владелец финансы география и контакты,2026-07-20T18:10:00+03:00,Выручка 536.2 млн превышает основной лимит 500 млн; личный контакт собственника не найден,Оставить в резерве до решения по пограничному масштабу или появления прямого owner-first сигнала,,2026-07-20T18:10:00+03:00,2026-07-20T18:10:00+03:00,GR-20260720-002
GRM-019,МОНИТОРУС,ООО «МОНИТОРУС»,7713492750,1227700610741,Действует,Москва,Москва,Производство / IT,Российские мониторы и периферия,https://monitoros.ru/,Российский производитель мониторов с более чем 20 моделями и 100 конфигурациями,Малое предприятие,,92331000,14840000,2024,РБК Компании / Tochka,HIGH,S2,Выручка выросла на 550%; компания вошла в топ-5 производителей и ищет торговых партнёров поставщиков и интеграторов,2026-07-20,https://monitoros.ru/; https://companies.rbc.ru/id/1227700610741-ooo-monitorus/,Производитель расширяет продуктовую линейку и партнёрский B2B-канал,Быстрый рост и широкий конфигурируемый ассортимент требуют сегментации партнёров и контроля продуктовой экономики,Выручка выросла с 14.2 до 92.3 млн и компания активно привлекает интеграторов и торговых партнёров; возможна задача по партнёрской воронке и прибыльности конфигураций,Диагностика партнёрских продаж продуктовой матрицы воронки и аналитики по сегментам,Построение коммерческой функции,Рожко Юрий Алексеевич,Рожко Юрий Алексеевич,Рожко Юрий Алексеевич,Рожко Юрий Алексеевич,Собственник и генеральный директор,РБК Компании,+7 (495) 660-35-80,support@monitoros.ru,,,,https://monitoros.ru/,,Корпоративный маршрут с просьбой передать собственнику,Официальный сайт МОНИТОРУС,3,CONTACT ROUTE FOUND,МОЖНО СВЯЗЫВАТЬСЯ,1,Подтверждены юрлицо рост собственник партнёрский сигнал и контакты,2026-07-20T18:10:00+03:00,,Во второй итерации подготовить benchmark партнёрского канала и обращение собственнику,,2026-07-20T18:10:00+03:00,2026-07-20T18:10:00+03:00,GR-20260720-002
GRM-020,Школа практического инвестирования,ООО «ШКОЛА ИНВЕСТИРОВАНИЯ»,7805819772,1247800118697,Действует,Санкт-Петербург,Санкт-Петербург / онлайн,EdTech,Онлайн-образование инвестициям,https://investorpractic.ru/,Онлайн-школа инвестирования Фёдора Сидорова с десятками тысяч платных учеников и большой бесплатной аудиторией,Среднее,50+ по публичным материалам,196000000,,2025,Firmoteka,MEDIUM,S2,Выручка около 196 млн; в 2026 школа одновременно нанимает руководителя трафика маркетолога SMM и лид-менеджеров для роста продаж,2026-06-17,https://nesiditsa.ru/vacancy/133354129; https://investorpractic.ru/fedor-sidorov/; https://firmoteka.ru/7805819772,Активный набор коммерческой и маркетинговой команды в 2026 году,Школа масштабирует лидогенерацию и продажи при большой базе учеников и owner-first управлении,При выручке около 196 млн школа одновременно усиливает трафик маркетинг и квалификацию лидов; вероятна задача по единой воронке CAC конверсии и маржинальности,Диагностика связки трафика продаж продуктовой линейки P&L и управленческой системы роста,Аудит маркетинга и продаж,Сидоров Федор Александрович,Сидоров Федор Александрович,Сидоров Федор Александрович,Сидоров Федор Александрович,Собственник и генеральный директор,РБК Компании; официальный сайт,8 800 707-66-56,,Публичный Telegram Фёдора Сидорова с официального сайта,,Вакансии школы на HH и агрегаторах,https://investorpractic.ru/fedor-sidorov/,+7 981 772-07-78,Публичные owner-first и корпоративные маршруты,Официальный сайт; вакансии,4,CONTACT ROUTE FOUND,МОЖНО СВЯЗЫВАТЬСЯ,1,Подтверждены юрлицо собственник масштаб коммерческие вакансии и контакты,2026-07-20T18:10:00+03:00,,Во второй итерации подготовить анализ воронки EdTech и обращение собственнику,,2026-07-20T18:10:00+03:00,2026-07-20T18:10:00+03:00,GR-20260720-002
GRM-021,Zaboroff,ООО ЗАБОРОФФ,9709008831,1177746882840,Действует,Москва,Москва,Производство и строительство ограждений,,,,18 сотрудников,,,,,РБК Компании,,S2,,2026-07-21,https://companies.rbc.ru/id/1177746882840-ooo-zaboroff/; https://www.zaboroff.ru/about/; https://hh.ru/vacancy/129646446,,,,,,Каширин Олег Вячеславович,,,Каширин Олег Вячеславович,,,,,,,,,,Корпоративный маршрут плюс owner-first вакансия,Официальный сайт; РБК Компании; HH,,CONTACT ROUTE FOUND,МОЖНО СВЯЗЫВАТЬСЯ,1,,,,Во второй итерации подготовить обращение собственнику по B2B-направлению и маржинальности,,2026-07-21T09:10:00+03:00,,GR-20260721-003
GRM-022,Orange Logistic,ООО ОРАНЖ СПЕДИШН,7730645420,1117746431758,Действует,Москва,Москва,Международная логистика,,,,1 сотрудник по юрлицу; более 800 клиентов по сайту,,,,,РБК Компании,,S2,,2026-07-21,https://companies.rbc.ru/id/1117746431758-ooo-oranzh-spedishn/; https://orangelogistic.ru/; https://hh.ru/vacancy/130081119,,,,,,Кушнеренко Алексей Владимирович,,,Кушнеренко Алексей Владимирович,,,,,,,,,,Корпоративный маршрут с просьбой передать собственнику,Официальный сайт; РБК Компании; HH,,CONTACT ROUTE FOUND,МОЖНО СВЯЗЫВАТЬСЯ,1,,,,Во второй итерации подготовить обращение собственнику о построении коммерческой системы,,2026-07-21T09:10:00+03:00,,GR-20260721-003
GRM-023,Chacha's Club / Chacha's Crew,ИП Кожомин Кирилл Павлович,772792124567,319774600704879,Действует,Москва,Москва,Сервисы / beauty-tech,Клуб лояльности и партнёрская сеть для beauty-мастеров,https://chachas.ru/,Сервис локальных клубов лояльности и взаимных рекомендаций для мастеров индустрии красоты и здоровья,Микробизнес / растущий проект,,,,Операционный масштаб,Официальный сайт и презентация,MEDIUM,S1,Основатель публично ищет руководителя продаж для построения отдела с нуля и масштабирования модели до 300+ новых партнёров в месяц,2026-01-16,https://hh.ru/vacancy/129530808,,На официальном сайте заявлено сообщество более 10000 участников; модель монетизации — партнёрская подписка 990 ₽ в месяц и эксклюзивность по районам и нишам,Связка действующего ИП с брендом подтверждена официальным сайтом; есть публичный основатель конкретная коммерческая задача измеримый масштаб и прямой корпоративный маршрут,Диагностика unit-экономики CAC/LTV и churn; проектирование воронки партнёров; CRM KPI мотивация и 90-дневный план масштабирования,Коммерческая диагностика и архитектура отдела продаж,Кожомин Кирилл Павлович,Кожомин Кирилл Павлович,Кожомин Кирилл Павлович,Кожомин Кирилл Павлович,Собственник / сооснователь,Официальный сайт HH и РБК Компании,+7 (963) 642-80-70,,https://t.me/chachascrew,,https://hh.ru/vacancy/129530808,https://chachas.ru/presentation,Официальный сайт и Telegram бренда,Корпоративные каналы с просьбой передать сообщение Кириллу Кожомину,Официальный сайт Chacha's Club,4,CONTACT ROUTE FOUND,МОЖНО СВЯЗЫВАТЬСЯ,1,Подтверждены ИП ИНН ОГРНИП бренд масштаб собственник S1-сигнал и маршруты,2026-07-31T00:24:00+04:00,Не подтверждена выручка и способность купить проект 150–800 тыс. руб.,Не готовить обращение без отдельной команды,,2026-07-31T00:24:00+04:00,2026-07-31T00:24:00+04:00,GR-20260731-081
GRM-024,MARROB,ООО «МАРРОБ РУС»,5032331540,1215000079304,Действует,Московская область,Одинцово,Производство и дистрибуция,Фасадные термопанели; декоративный камень; фасадные системы,https://marrob.ru/,Российская частная производственная компания фасадных решений для частных клиентов; застройщиков и проектных объектов,Микропредприятие,4,13000000,-1700000,2024,РусПрофайл / открытая бухгалтерская отчётность,MEDIUM,S1,Запуск отдела продаж с нуля; CRM; воронка; регламенты; KPI; личные продажи; прямое взаимодействие с собственником,2026-02-05,https://hh.ru/vacancy/130209818,Активный управленческий найм коммерческого блока,Компания производит и продаёт фасадные решения; работает с B2C; застройщиками и проектными заказами; нуждается в формализации длинных продаж и управлении маржой,Сильное совпадение профиля: подтверждены юрлицо; владелец; производственный продукт; S1-сигнал; практические корпоративные маршруты; масштаб соответствует нижней границе целевого профиля,Диагностика коммерческой модели; сегментация B2C/B2B; CRM-воронка; экономика проектов; KPI; дилерский и проектный каналы,Коммерческая диагностика и 90-дневная дорожная карта,Шабалтас Наталья Анатольевна,Шабалтас Наталья Анатольевна,Шабалтас Наталья Анатольевна,Шабалтас Наталья Анатольевна,Собственник 100% и генеральный директор,РБК Компании; РусПрофайл,+7 (916) 666-23-35,info@marrob.ru,,,https://hh.ru/vacancy/130209818,https://marrob.ru/kontakty/,+7 (495) 205-53-63,Корпоративные маршруты с просьбой передать сообщение Наталье Шабалтас,Официальный сайт и HeadHunter,4,CONTACT ROUTE FOUND,МОЖНО СВЯЗЫВАТЬСЯ,1,Проверены дедупликация; юрлицо; ИНН; собственник; масштаб; сигнал и маршруты,2026-07-30T23:11:00+04:00,Выручка 7.3 млн руб. и один сотрудник не соответствуют минимальному целевому масштабу,При отдельной команде подготовить персонализированную гипотезу без позиционирования кандидатом,,2026-07-30T23:11:00+04:00,2026-07-30T23:11:00+04:00,GR-20260730-080
GRM-025,АИ Авто,,TEMP-AI-AUTO-MSK,,Бренд и деятельность подтверждены; юрлицо не установлено,Москва,Москва,Импорт и продажа автомобилей,,,,7 лет работы и сотни клиентов по сайту,,,,,Официальный сайт и HH,,S2,,2026-07-21,https://ai-import.ru/; https://hh.ru/employer/5791098; https://hh.ru/vacancy/129763647,,,,,,Артем Иванов и Иван,,,Артем Иванов,,,,,,,,,,Публичный профиль основателя и корпоративные маршруты,Официальный сайт; Telegram; HH,,LEGAL MATCH,НУЖНА ДОПРОВЕРКА,1,,,Не найдено точное операционное юрлицо и ИНН бренда,Установить реквизиты из договора; оферты; политики сайта или карточки платежного получателя,,2026-07-21T09:10:00+03:00,,GR-20260721-003
GRM-026,Атмосферика,ООО «Атмосферика»,7814551360,1127847550962,Действует,Санкт-Петербург,Санкт-Петербург / Москва,IT / Telecom / B2B,,,,12 лет на рынке; 1000+ проектов,,,,,"РБК Компании, 2025",,S2,,2026-07-26,https://companies.rbc.ru/id/1127847550962-ooo-atmosferika/; https://atmospherica.ru/; https://hh.ru/vacancy/129991530,,,,,,Гайдучек Дмитрий Владимирович,,,Гайдучек Дмитрий Владимирович,,,,,,,,,,Корпоративный маршрут и публичная форма основателя,Официальный сайт; РБК Компании; HH,,CONTACT ROUTE FOUND,МОЖНО СВЯЗЫВАТЬСЯ,1,,,,Во второй итерации подготовить обращение собственнику по масштабированию B2B-продаж и экономике направления,,2026-07-26T22:45:00+03:00,,GR-20260726-004
GRM-027,Кристон-Кадастр,ООО «КРИСТОН-КАДАСТР»,7725316710,1167746456404,Действует,Москва,Москва,Недвижимость / Кадастровые и проектные услуги,,,,13 сотрудников,,,,,"РБК Компании, 2025",,S2,,2026-07-26,https://companies.rbc.ru/id/1167746456404-ooo-kriston-kadastr/; https://kriston-kadastr.ru/contacts; https://hh.ru/vacancy/129480935,,,,,,Человечков Антон Алексеевич; Фурсова Кристина Юрьевна,,,Человечков Антон Алексеевич,,,,,,,,,,Прямой корпоративный маршрут к генеральному директору-соучредителю,Официальный сайт; РБК Компании; HH,,CONTACT ROUTE FOUND,МОЖНО СВЯЗЫВАТЬСЯ,1,,,,"Во второй итерации подготовить обращение о воронке, повторных продажах и загрузке специалистов",,2026-07-26T22:45:00+03:00,,GR-20260726-004
GRM-028,Авто Сувенир,ООО «АВТО СУВЕНИР»,7743799795,1107746944360,Действует,Москва,Москва,Оптовая торговля непродовольственными товарами; бизнес-сувениры и корпоративные подарки; B2B и несколько товарных направлений,,,,малый частный бизнес; 9 сотрудников; товарный знак PD PRESENT DAY; продажи и поставки сувенирной продукции,,,,,Бухгалтерская отчётность за 2025 год по данным РБК Компании; прибыль 5 468 000 ₽,,S1,,2026-02-05,https://hh.ru/vacancy/130066730,,,,,,Зевакин Алексей Владимирович — единственный учредитель и генеральный директор,,,Зевакин Алексей Владимирович — собственник и генеральный директор,,,,,,,,,,Корпоративные маршруты к собственнику и генеральному директору,РБК Компании; HeadHunter; Яндекс Карты,,CONTACT ROUTE FOUND,МОЖНО СВЯЗЫВАТЬСЯ,1,,,,Во второй итерации использовать корпоративный телефон или HH с просьбой передать предложение Алексею Зевакину; ничего не готовить и не отправлять без отдельного разрешения,,2026-07-29T17:08:05+04:00,,GR-20260729-049
GRM-029,Агентство недвижимости «Ключ»,ИП Мухетдинов Данис Рустамович,164306684211,,Действует по официальному сайту и отраслевому реестру,Республика Татарстан,Казань / Москва,Недвижимость / Агентские услуги,,,,100+ сотрудников; 15000+ клиентов по официальному сайту,,,,,Официальный сайт и отраслевой реестр,,S2,,2026-07-26,https://kluch.me/new/; https://kluch.me/o-kompanii/; https://hh.ru/vacancy/129916548,,,,,,Мухетдинов Данис Рустамович,,,Мухетдинов Данис Рустамович,,,,,,,,,,Публичный маршрут к основателю через официальный сайт и вакансию,Официальный сайт; Гильдия риэлторов РТ; HH,,CONTACT ROUTE FOUND,МОЖНО СВЯЗЫВАТЬСЯ,1,,,,Во второй итерации подтвердить финансовый масштаб ИП и подготовить обращение о масштабировании Казань–Москва,,2026-07-26T22:45:00+03:00,,GR-20260726-004
GRM-030,Крути Педали,ИП Латышева Н.Н. по текущей платёжной странице; ранее ИП Зарина В.Н.,773104959143,319774600680871,Бизнес действует; операционное лицо требует сверки,Москва,Москва,Прокат / Сервис / Шеринг оборудования,,,,650+ единиц парка; 40000+ клиентов в год по сайту,,,,,Официальный сайт,,S2,,2026-07-26,https://www.kruti-pedali.ru/; https://kruti-pedali2025.ru/webapp; https://www.kruti-pedali.ru/o-prokate/oferta.html; https://hh.ru/vacancy/129481377,,,,,,Требует подтверждения,,,Собственник бизнеса / операционный руководитель,,,,,,,,,,Корпоративный маршрут; юридическая структура требует сверки,Официальный сайт; платёжная страница; оферта; HH,,LEGAL MATCH,НУЖНА ДОПРОВЕРКА,1,,,На разных официальных страницах указаны разные ИП: Латышева Н.Н. и Зарина В.Н.,Установить действующее операционное лицо по актуальной оферте и платёжному получателю; проверить финансовый масштаб,,2026-07-26T22:45:00+03:00,,GR-20260726-004
GRM-031,ACELED / Линии Света,ООО «ТОРГ-ЛАЙТ»,7723401350,1157746682576,Действует,Москва,Москва,Производство; светотехника; B2B-проектные продажи,,,,"10+ лет; собственное производство и склад; выручка 2025 — 64,136 млн ₽; выручка 2024 — 72,655 млн ₽",,,,,S1,,"Компания ищет руководителя продаж с перспективой коммерческого директора для создания отдела с нуля, роста выручки и прибыльности, развития B2B, проектного и дилерского каналов; работа строится вокруг системы продаж, воронки и масштабирования",,"Диагностика коммерческой системы производителя светотехники: экономика проектных и дилерских каналов, сегментация, CRM-воронка, KPI, маржинальность по продуктам и каналам, регламенты и 90-дневный план роста",2026-01-20,,,,,,Кобылян Александр Александрович — собственник и основной ЛПР,,,8 (800) 500-44-63,,,,,,,,,,Официальный сайт ACELED; HeadHunter; РБК Компании,CONTACT ROUTE FOUND,,1,МОЖНО СВЯЗЫВАТЬСЯ,1,,,"Использовать корпоративный телефон, email, форму сайта или HH с просьбой передать сообщение Александру Кобыляну; ничего не готовить и не отправлять без отдельного разрешения",МОЖНО СВЯЗЫВАТЬСЯ,,2026-07-30T18:11:59+04:00,,GR-20260729-051
GRM-032,ТемпСтройСистема,ООО «ТЕМПСТРОЙСИСТЕМА»,7736195320,1027700171531,Действует,Москва,Москва,Строительство / Инжиниринг / Строительные материалы,,,,5 сотрудников по головному юрлицу; группа работает более 30 лет,,,,,"РБК Компании, 2025",,S2,,2026-07-27,https://companies.rbc.ru/id/1027700171531-ooo-tempstrojsistema/; https://hh.ru/vacancy/129535324; https://tempstroy.ru/career/employment/; https://tempstroy.ru/company/,,,,,,ООО «АКАПИЛЬ»; президент корпорации Александр Клевцов,,,Вершинина Ирина Васильевна / Александр Клевцов,,,,,,,,,,Корпоративный маршрут к генеральному директору или президенту корпорации,Официальный сайт; РБК Компании; Т-Банк; HH,,CONTACT ROUTE FOUND,МОЖНО СВЯЗЫВАТЬСЯ,1,,,,Во второй итерации установить структуру группы и подготовить обращение по P&L и проектным продажам,,2026-07-27T01:25:00+04:00,,GR-20260727-005
GRM-034,LinzLaser,ООО «ЛИНЗЛАЗЕР»,7733356071,1207700211553,Действует,Москва,Москва,"Промышленное лазерное оборудование, комплектующие и сервис",,,,"микропредприятие по реестру МСП; выручка 230,42 млн ₽ за 2025 год; собственные продукты и сервис; поставки оборудования и расходных материалов",,,,,бухгалтерская отчётность за 2025 год по данным Т-Банка; официальный сайт подтверждает продуктовый и сервисный контур,,S1,,2026-01-14,https://hh.ru/vacancy/129417303,,,,,,Гайсин Рамиль Маратович — генеральный директор и единственный учредитель 100%,,,Гайсин Рамиль Маратович — собственник и операционный ЛПР,,,,,,,,,,Корпоративный маршрут к собственнику и коммерческому ЛПР,Официальный сайт; РБК Компании; Т-Банк; HH,,CONTACT ROUTE FOUND,МОЖНО СВЯЗЫВАТЬСЯ,1,,,,Во второй итерации подготовить обращение Рамилю Гайсину по построению управляемой коммерческой системы и повторным продажам расходников; ничего не отправлять без отдельного разрешения,,2026-07-29T10:10:01+04:00,,GR-20260729-042
GRM-035,ТрекМарк,ООО «ТРЕКМАРК»,7734391181,1167746890475,Действует,Москва,Москва,IT / Производство / Промышленный B2B,,,,89 сотрудников; более 400 завершённых проектов,,,,,РБК Компании — поступления от текущих операций за 2024 год,,S2,,2026-07-27,https://hh.ru/vacancy/129648650; https://trekmark.ru/about/projects/; https://companies.rbc.ru/id/1167746890475-ooo-trekmark/,,,,,,ООО «ЦРПТ» и ООО «ППИТ-4»,,,Протасов Сергей Николаевич,,,,,,,,,,Корпоративный маршрут к генеральному директору и отделу продаж,Официальный сайт; РБК Компании; HH,,CONTACT ROUTE FOUND,RESERVE,1,,,"Масштаб около 696 млн ₽ выше целевого диапазона; собственники — институциональные юрлица, решение может требовать более сложного согласования",Оставить в резерве; вернуть в приоритет при прямом контакте генерального директора или подтверждённом запросе на внешний коммерческий консалтинг,,2026-07-27T06:08:00+04:00,,GR-20260727-008
GRM-036,Руслитекс,ООО «РУСЛИТЕКС»,9723233973,1247700467915,Действует,Москва,Москва,Оптовая торговля / Текстиль / B2B,,,,частная компания; численность в открытом источнике не указана,,,,,РБК Компании — выручка за 2025 год,,S1,,2026-07-27,https://hh.ru/vacancy/129865789; https://companies.rbc.ru/id/1247700467915-ooo-rusliteks/,,,,,,Тарантов Дмитрий Николаевич,,,Тарантов Дмитрий Николаевич,,,,,,,,,,Owner-first маршрут через вакансию и корпоративный профиль работодателя,HH; РБК Компании,,CONTACT ROUTE FOUND,МОЖНО СВЯЗЫВАТЬСЯ,1,,,Не найден независимый официальный сайт и прямой публичный телефон или email; маршрут связи подтверждён через HH,Во второй итерации обратиться через вакансию как консультант с предложением диагностики коммерческой системы; параллельно найти корпоративный телефон по адресу и домену,,2026-07-27T11:42:00+04:00,,GR-20260727-009
GRM-037,Деметра,ООО «ДЕМЕТРА»,9723236396,1247700528041,Действует,Москва,Москва,Строительство / Логистика / B2B,,,,микробизнес по юрлицу; 23 единицы собственной техники и крупные объектные работы по сайту,,,,,РБК Компании — выручка за 2025 год,,S1,,2026-07-27,https://hh.ru/vacancy/129437991; https://gcdemetra.ru/; https://companies.rbc.ru/id/1247700528041-ooo-demetra/,,,,,,Иванова Валентина Алексеевна,,,Иванова Валентина Алексеевна,,,,,,,,,,Корпоративный маршрут к собственнику и owner-first маршрут через вакансию,Официальный сайт; РБК Компании; HH,,CONTACT ROUTE FOUND,МОЖНО СВЯЗЫВАТЬСЯ,1,,,,Во второй итерации подготовить обращение собственнику по управляемости B2B-продаж и экономике загрузки техники,,2026-07-27T12:14:00+04:00,,GR-20260727-010
GRM-038,СмартСофт / СмартЛомбард,ООО «СМАРТСОФТ»,6321321945,1136320019450,Действует,Самарская область,Тольятти,IT / SaaS / автоматизация,,,,14 сотрудников по РБК; 18 сотрудников по открытым данным; продукт работает в России и странах СНГ,,,,,РБК Компании — выручка за 2025 год,,S1,,2026-07-27,https://togliatti.hh.ru/vacancy/130130115; https://togliatti.hh.ru/employer/1792365; https://smartlombard.ru/contact/rekvizityi/; https://companies.rbc.ru/id/1136320019450-ooo-smartsoft/,,,,,,Мальцев Алексей Николаевич,,,Мальцев Алексей Николаевич,,,,,,,,,,Корпоративный маршрут к собственнику и owner-first маршрут через вакансию,Официальный сайт; РБК Компании; HH; Точка,,CONTACT ROUTE FOUND,МОЖНО СВЯЗЫВАТЬСЯ,1,,,,Во второй итерации подготовить обращение собственнику по коммерческой системе SaaS и масштабированию в СНГ,,2026-07-27T14:15:00+04:00,,GR-20260727-011
GRM-039,Нацтранс,ООО «НАЦТРАНС»,5261125733,1205200001577,Действует,Нижегородская область,Нижний Новгород,Логистика / оптовая торговля нефтепродуктами,,,,18 сотрудников в 2024 году; действующий транспортный бизнес,,,,,открытые данные — выручка за 2025 год,,S1,,2026-07-27,https://hh.ru/vacancy/129971007; https://reputation.ru/ogrn/1205200001577; https://companium.ru/id/1205200001577-dk-logistik-servis; https://tenchat.ru/1141321,,,,,,Джаварян Джамаль Джемилевич,,,Джаварян Джамаль Джемилевич,,,,,,,,,,Owner-first маршрут через вакансию и публичный профиль собственника,HH; открытые реестры; TenChat,,CONTACT ROUTE FOUND,МОЖНО СВЯЗЫВАТЬСЯ,1,,,,Во второй итерации подготовить обращение собственнику по экономике и системе запуска нефтепродуктового направления,,2026-07-27T14:15:00+04:00,,GR-20260727-011
GRM-040,ЭНЕРГОПУСК,ООО «ЭНЕРГОПУСК»,7721547346,1067746137381,Действует,Москва,Москва,Промышленное оборудование,Электропривод и автоматизация,https://epusk.ru/,Поставщик промышленного электротехнического оборудования и решений автоматизации для корпоративных клиентов по России,Малое предприятие,12,176433000,128000,2025,Saby / B2B.House на основе бухгалтерской отчётности,HIGH,S1,Собственник ищет руководителя продаж для роста прибыли и управляемости коммерческого контура: прозрачная воронка KPI CRM/1С стандарты КП маржинальность дебиторка ассортимент и развитие команды,2026-01-08,https://hh.ru/vacancy/129214758,Выручка снизилась на 3.5% год к году при крайне низкой чистой марже; одновременно открыт системный коммерческий найм,Действующая owner-managed B2B-компания с 2006 года двумя офисами продаж и отгрузкой в 32 городах России,Есть подтверждённый масштаб доступный собственник и конкретная задача роста прибыли и управляемости продаж,Диагностика маржинальности по клиентам и ассортименту CRM-воронки KPI отдела стандартов КП дебиторки и 90-дневной программы роста прибыли,Коммерческая диагностика и 90-дневная дорожная карта,Яковлев Александр Вячеславович 100%,Яковлев Александр Вячеславович,Яковлев Александр Вячеславович,Яковлев Александр Вячеславович,Собственник и генеральный директор,T-Банк Бизнес / Saby,+7 (495) 775-24-55,zapros@epusk.ru,https://t.me/epusk,,https://hh.ru/vacancy/129214758,https://epusk.ru/company/,8-800-700-11-54,Корпоративные маршруты с просьбой передать Яковлеву Александру Вячеславовичу,Официальный сайт Telegram и HeadHunter,5,CONTACT ROUTE FOUND,МОЖНО СВЯЗЫВАТЬСЯ,1,Проверены бренд юрлицо ИНН ОГРН статус масштаб собственник сигнал и маршруты,2026-07-31T08:10:53+04:00,"Использовать официальный телефон, email, форму сайта или HH с просьбой передать сообщение Александру Яковлеву; ничего не готовить и не отправлять без отдельного разрешения",При отдельном разрешении подготовить консультационную гипотезу без позиционирования как соискателя,,2026-07-31T08:10:53+04:00,2026-07-31T08:10:53+04:00,GR-20260731-089
GRM-041,BINAGroup / SalesAI,ООО «БИНА ГРУПП»,7706725428,1097746585452,Действует,Москва,Москва,Промышленный B2B / химическая дистрибуция / SaaS RevOps,,,,"90 сотрудников по юрлицу; холдинг заявляет 600 сотрудников, 10 офисов, 9 складов, 3 производства и 25 000+ клиентов",,,,,РБК Компании — выручка за 2021 год; свежий операционный масштаб подтверждён официальным сайтом,,S1,,2026-07-27,https://hh.ru/vacancy/129891522; https://binagroup.ru/o-kompanii/; https://binagroup.ru/kontakty/; https://companies.rbc.ru/id/1097746585452-ooo-bina-grupp/,,,,,,ООО «БИНА ИНВЕСТ»,,,Газалиев Салават Ильясович,,,,,,,,,,Корпоративный маршрут к генеральному директору и маршрут через вакансию нового направления,Официальный сайт; РБК Компании; HH; ОТС,,SIGNAL CONFIRMED,RESERVE,1,,,"Масштаб холдинга значительно выше ICP; не подтверждено, является ли SalesAI отдельным юрлицом и может ли закупать внешний консалтинг самостоятельно",Установить юридическую и бюджетную автономию SalesAI и прямого руководителя направления; только после этого переводить в контактный приоритет,,2026-07-27T16:28:00+04:00,,GR-20260727-013
GRM-043,FILIPPOV DYNASTY,ИП Филиппов Олег Васильевич,263200557408,304263234500160,Действует,Ставропольский край,Пятигорск,Производство / спортивное оборудование / B2B и премиальный B2C,,,,производство с 1995 года; 500+ оснащённых клубов России и СНГ; 350+ клубов комплектуются ежегодно; собственный интернет-магазин и шоурум,,,,,Финансовая отчётность ИП публично не раскрывается; операционный масштаб подтверждён официальным сайтом,,S1,,2026-07-27,https://hh.ru/vacancy/129001591; https://filippov-dynasty.ru/our-works/; https://filippov-dynasty.ru/privacy-policy/,,,,,,Филиппов Олег Васильевич,,,Филиппов Олег Васильевич,,,,,,,,,,Прямой корпоративный маршрут к собственнику и owner-first маршрут через вакансию,Официальный сайт; РБК Компании; Точка; HH,,CONTACT ROUTE FOUND,МОЖНО СВЯЗЫВАТЬСЯ,1,,,,Во второй итерации подготовить обращение собственнику по запуску и экономике нового интерьерного направления,,2026-07-27T23:04:44+04:00,,GR-20260727-015
GRM-044,F.D. Mebel,ИП Лысак Фрол Васильевич,344345073508,319344300121558,Действует,Волгоградская область — регистрация; Москва — операционная площадка,Москва,Производство мебели и интерьерных конструкций / B2B и премиальный B2C,,,,40+ сотрудников; 2 производства общей площадью более 1000 м²; 1100+ проектов; 35+ дизайн-студий,,,,,Финансовая отчётность ИП публично не раскрывается; масштаб подтверждён официальным сайтом,,S1,,2026-07-27,https://hh.ru/vacancies/rukovoditel-otdela-prodazh-mebel; https://fdmebel.ru/o-kompanii/,,,,,,Лысак Фрол Васильевич,,,Лысак Фрол Васильевич,,,,,,,,,,Прямой корпоративный маршрут к собственнику и owner-first маршрут через вакансию,Официальный сайт; РБК Компании; HH,,CONTACT ROUTE FOUND,МОЖНО СВЯЗЫВАТЬСЯ,1,,,,Во второй итерации подготовить обращение собственнику по прибыльности B2B-проектов и системе партнёрских продаж,,2026-07-27T23:30:00+04:00,,GR-20260727-016
GRM-045,Belkina,ИП Белевцева Оксана Ивановна,773065080780,309774627200513,Действует,Москва,Москва,Производство одежды / e-commerce / оптовые продажи,,,,150+ человек; собственные производства в нескольких городах; строятся ещё две фабрики; 200 постоянных коллективов из разных стран,,,,,"Заявление работодателя в републикации вакансии; неаудированная оценка, поэтому компания отнесена в резерв",,S1,,2026-07-27,https://hh.ru/vacancies/rukovoditel-otdela-prodazh-rop; https://belkina.shop/about/; https://remote-job.ru/search?page=7&search%5Bquery%5D=%D0%9C%D0%B5%D0%BD%D0%B5%D0%B4%D0%B6%D0%B5%D1%80+%D0%BC%D0%B0%D1%80%D0%BA%D0%B5%D1%82%D0%BF%D0%BB%D0%B5%D0%B9%D1%81%D0%BE%D0%B2+Wildberries+%28%D0%9E%D0%B4%D0%B5%D0%B6%D0%B4%D0%B0%29&search%5BsearchType%5D=vacancy,,,,,,Белевцева Оксана Ивановна,,,Белевцева Оксана Ивановна,,,,,,,,,,Корпоративный маршрут к собственнику через официальный сайт и owner-first маршрут через вакансии,Официальный сайт Belkina; РБК Компании; Точка; HH,,QUALIFIED RESERVE,RESERVE,1,,,Операционный масштаб и заявленный оборот выше ядра ICP; перед контактом нужно подтвердить бюджетную автономию и актуальный приоритет внешнего консультанта,Во второй итерации проверить актуальность задачи и автономию собственника по проекту трансформации продаж,,2026-07-27T23:30:00+04:00,,GR-20260727-016
GRM-046,Через не могу,ИП Царева Дарья Александровна,911106178533,323911200092579,Действует,Республика Калмыкия,с. Воробьёвка; продажи по России,Спортивная одежда / e-commerce / маркетплейсы,,,,"растущий бренд на Wildberries, Ozon и собственном сайте; оборот по заявлению работодателя вырос с 40 до 170 млн ₽ за год",,,,,HH-вакансия работодателя — заявленный оборот бренда,,S1,,2026-01-14,https://hh.ru/vacancy/129404894; https://cherez-ne-mogy.ru/oferta,,,,,,Царева Дарья Александровна,,,Царева Дарья Александровна,,,,,,,,,,Прямой корпоративный маршрут к собственнику и owner-first маршрут через вакансию,Официальный сайт и оферта; Точка; РБК Компании; HH,,CONTACT ROUTE FOUND,МОЖНО СВЯЗЫВАТЬСЯ,1,,,,Во второй итерации подготовить обращение собственнику по экономике масштабирования и снижению зависимости от маркетплейсов,,2026-07-27T23:30:00+04:00,,GR-20260727-016
GRM-047,АЙБИПИ,ООО «АЙБИПИ»,7730595201,1097760004946,Действует,Москва,Москва / Электросталь,Промышленное производство; мобильные склады и контейнеры для опасных веществ,,,,"Выручка 349,667 млн ₽ и прибыль 13,059 млн ₽ за 2024 год; собственное производство более 4000 м²; 300+ проектов; 100+ крупных клиентов; поставки по России и СНГ",,,,,S1,,Компания публично искала коммерческого директора с прямой коммуникацией с собственником и влиянием на стратегию; параллельно расширяла коммерческую команду. Задача включает масштабирование B2B-продаж сложного промышленного продукта,,"Диагностика проектных B2B-продаж; сегментация отраслей и клиентов; воронка длинных сделок; KPI и мотивация; P&L проектов; синхронизация продаж, проектирования и производства; план масштабирования региональных каналов",2026-01-22,,,,,,"Иванов Виктор Константинович — собственник, генеральный директор и публичный операционный ЛПР",,,+7 (963) 716-23-59; +7 (499) 967-84-67,,,,,,,,,,Официальный сайт АЙБИПИ; HeadHunter; РБК Компании,CONTACT ROUTE FOUND,,1,МОЖНО СВЯЗЫВАТЬСЯ,1,,,"Использовать официальный телефон, email, форму сайта, Telegram или HH с просьбой передать сообщение Виктору Иванову; ничего не готовить и не отправлять без отдельного разрешения",МОЖНО СВЯЗЫВАТЬСЯ,,2026-07-30T11:10:11+04:00,,GR-20260729-053
GRM-048,OMNISAN Group,ООО «ТД ОМНИСАН»,7723397696,1157746589846,Действует,Москва,Москва,E-commerce / сантехника / инженерное оборудование / B2B-B2C-B2G,,,,16–18 сотрудников; собственный склад и шоурум; несколько e-commerce-проектов; ассортимент 1000+ SKU; трафик от 300 тыс. визитов в месяц,,,,,Т-Банк — выручка за 2025 год,,S1,,2026-07-28,https://hh.ru/vacancy/129061488; https://hh.ru/employer/2871683; https://omnisan.group/; https://www.tbank.ru/business/contractor/legal/1157746589846/,,,,,,Иванов Роман Александрович; Андрос Олег Николаевич,,,Иванов Роман Александрович,,,,,,,,,,Корпоративный маршрут к собственнику и owner-first маршрут через вакансию,Официальный сайт; связанный официальный интернет-магазин; РБК Компании; Т-Банк; HH,,CONTACT ROUTE FOUND,МОЖНО СВЯЗЫВАТЬСЯ,1,,,,Во второй итерации проверить актуальность задачи и подготовить предложение собственнику по P&L и управляемости e-commerce,,2026-07-28T14:42:00+04:00,,GR-20260728-019
GRM-049,ДЮКС / ЭКО НОМ,ООО «ДЮКС»,7710941397,1137746493697,Действует,Москва,Москва,Производство приборов учёта / новое направление ремонта и отделки,,,,35 сотрудников; действующий производственно-торговый бизнес; масштаб выше ядра ICP,,,,,РБК Компании — выручка за 2024 год,,S1,,2026-07-28,https://hh.ru/vacancy/129626471; https://companies.rbc.ru/id/1137746493697-ooo-dyuks/,,,,,,Орлов Денис Владимирович,,,Орлов Денис Владимирович,,,,,,,,,,Owner-first маршрут через прямое подчинение собственнику в вакансии,РБК Компании; Т-Банк; HH,,CONTACT ROUTE FOUND,RESERVE,1,,,"Выручка 670,237 млн ₽ превышает верхнюю границу ядра ICP; автономия бюджета нового направления требует проверки",Во второй итерации подтвердить автономию нового направления и доступность собственника до подготовки предложения,,2026-07-28T14:42:00+04:00,,GR-20260728-019
GRM-050,АРТ СИТИ / официальный магазин ФСБР и PWL,ООО «АРТ СИТИ»,9729043104,5167746410266,Действует,Москва,Москва,Спортивная экипировка / производство / B2B / e-commerce,,,,"выручка в целевом диапазоне; официальный магазин ФСБР и PWL; B2B-кастом для федераций, клубов и секций — основной канал выручки",,,,,РБК Компании — выручка за 2025 год,,S1,,2026-07-28,https://hh.ru/vacancies/menedzher_po_prodazham_tekstilya/polniy_den; https://shop.wrestrus.ru/rekvizit/; https://companies.rbc.ru/okved/47.91/15/,,,,,,Федоров-Богомольный Макс Юрьевич; Яшич Тамара Михайловна,,,Золкин Александр Викторович,,,,,,,,,,Официальный корпоративный маршрут к генеральному директору и owner-first маршрут через вакансию,Официальный сайт; РБК Компании; Companium; HH,,CONTACT ROUTE FOUND,МОЖНО СВЯЗЫВАТЬСЯ,1,,,,Во второй итерации проверить актуальность вакансии и подготовить предложение по построению B2B-коммерческого блока,,2026-07-28T14:42:00+04:00,,GR-20260728-019
GRM-051,Аврора Стронг / Аврора ЖБИ,ООО «АВРОРА»,0276937295,1180280068165,Действует,Республика Башкортостан,село Чесноковка,Производство ЖБИ / бетон / логистика / строительные материалы,,,,"27 сотрудников по РБК; производственно-строительная группа с ЖБИ, бетоном, логистикой, инертными материалами, собственным сайтом и несколькими направлениями",,,,,РБК Компании — выручка за 2024 год,,S1,,2026-07-28,https://ufa.hh.ru/vacancy/129913915; https://companies.rbc.ru/id/1180280068165-ooo-bss-logistika/; https://avrora-zhbi.ru/,,,,,,Ермолаев Анатолий Евгеньевич,,,Ермолаев Анатолий Евгеньевич; Галиев Ильнур Рифович,,,,,,,,,,Официальный корпоративный маршрут к собственнику и ЛПР плюс owner-first маршрут через вакансию,Официальный сайт; РБК Компании; HH,,CONTACT ROUTE FOUND,RESERVE,1,,,"Выручка 658,899 млн ₽ выше ядра ICP; перед контактом требуется подтвердить автономию бюджета управляющей компании и готовность покупать внешний проект",Во второй итерации подтвердить бюджет и формат внешнего консалтинга через собственника или управляющую компанию,,2026-07-28T15:08:00+04:00,,GR-20260728-020
GRM-052,YURSUS / Сибирская фабрика мебели,ИП Гармаш Юрий Владимирович,540446068887,322547600048993,Действует,Новосибирская область,Новосибирск,Производство мебели,Корпусная мебель полного цикла для дома офиса HoReCa и торговли,https://www.yursus.ru/,Мебельная фабрика полного цикла с собственным производством и B2C/B2B-направлениями,Микробизнес / производственная компания,,,,Операционный масштаб,Официальный сайт,MEDIUM,S1,Собственник ищет руководителя продаж для создания отдела с нуля на мебельной фабрике,2026-01-28,https://novosibirsk.hh.ru/vacancy/129853833,,Официальный сайт заявляет 20+ лет опыта производство полного цикла современные станки с ЧПУ работу по всей России и СНГ и отдельное направление мебели для бизнеса,Связка бренда с действующим ИП подтверждена совпадением владельца товарного знака основателя профиля деятельности адреса производства и вакансии; есть прямой owner-first сигнал и практические корпоративные маршруты,Аудит каналов B2C/B2B; сегментация и экономика заказов; CRM-воронка; KPI и мотивация; стандарты замера расчёта и передачи в производство; 90-дневный запуск отдела продаж,Коммерческая диагностика и архитектура отдела продаж,Гармаш Юрий Владимирович,Гармаш Юрий Владимирович,Гармаш Юрий Владимирович,Гармаш Юрий Владимирович,Собственник / основатель,Официальный сайт товарный знак HH и реестр ИП,+7 (923) 107-01-20,yursus.mebel@yandex.ru,,,https://novosibirsk.hh.ru/vacancy/129853833,https://www.yursus.ru/,Дополнительный телефон +7 (913) 605-15-69,Корпоративные каналы с просьбой передать сообщение Юрию Гармашу,Официальный сайт YURSUS,4,CONTACT ROUTE FOUND,МОЖНО СВЯЗЫВАТЬСЯ,1,Подтверждены ИП ИНН ОГРНИП бренд масштаб собственник S1-сигнал и маршруты,2026-07-31T01:22:00+04:00,"Использовать официальный телефон, email, форму сайта или HH с просьбой передать сообщение Юрию Гармашу; ничего не готовить и не отправлять без отдельного разрешения",Не готовить обращение без отдельной команды,,2026-07-31T01:22:00+04:00,2026-07-31T01:22:00+04:00,GR-20260731-082
GRM-053,Estore creating,ООО «ИСТОР КРИЭЙТИНГ»,5074063660,1205000034854,Действует,Московская область,Подольск,E-commerce; разработка и вывод потребительских товаров и брендов на маркетплейсы,,,,Микропредприятие; заявленная операционная выручка около 7 млн ₽ в месяц; спортивные товары и товары для дома; компания формирует команду для развития брендов на международных рынках,,,,,S1,,"Компания ищет руководителя продаж маркетплейсов для построения системной работы с метриками, стратегией, контентом и командой; работа напрямую с собственником, оплата включает процент от прибыли",,"Диагностика и пересборка коммерческой системы e-commerce: P&L и unit-экономика по SKU и площадкам, портфель брендов, воронка, KPI, управление контентом и рекламой, планирование запасов и 90-дневная дорожная карта роста",2026-02-04,,,,,,Шавырин Алексей Геннадьевич — собственник и генеральный директор,,,Шавырин Алексей Геннадьевич,,,,,,,,,,HeadHunter; РБК Компании; Точка,CONTACT ROUTE FOUND,,1,МОЖНО СВЯЗЫВАТЬСЯ,1,,,Использовать только HH как корпоративный маршрут с просьбой передать сообщение Алексею Шавырину; ничего не готовить и не отправлять без отдельного разрешения,МОЖНО СВЯЗЫВАТЬСЯ,,2026-07-30T14:11:28+04:00,,GR-20260728-023
GRM-054,Feliks Station Catering,ООО «ФОРЕВЕНТ»,7727530444,1047797038079,Действует,Москва,Москва,Event; кейтеринг; корпоративный B2B-сервис,,,,"20+ лет юрлицу; 35 гастрономических станций; более 1 500 мероприятий; средний чек проекта от 150 000 ₽; выручка 2025 — 11,094 млн ₽",,,,,S1,,"Собственник ищет руководителя продаж для аудита и построения управляемой B2B-системы: CRM, воронка, KPI, регламенты, отчётность и масштабирование; работа напрямую с собственником и бонус от финансового результата",,"Аудит коммерческой модели корпоративного кейтеринга: сегментация event/HR/marketing-клиентов, экономика проектов и каналов, CRM-воронка, SLA обработки заявок, KPI и мотивация, повторные продажи и 90-дневный план роста валовой прибыли",2026-01-28,,,,,,Диденко Феликс Сергеевич — собственник и основной ЛПР,,,+7 (495) 500-97-98; +7 (495) 772-12-73,,,,,,,,,,Официальный сайт; HeadHunter; РБК Компании; Т-Банк Бизнес,CONTACT ROUTE FOUND,,1,МОЖНО СВЯЗЫВАТЬСЯ,1,,,"Использовать корпоративный телефон, форму сайта или HH с просьбой передать сообщение Феликсу Диденко; ничего не готовить и не отправлять без отдельного разрешения",МОЖНО СВЯЗЫВАТЬСЯ,,2026-07-30T17:08:06+04:00,,GR-20260728-023
GRM-055,RIEN / NE SHALI,ИП Гафурова Замира Абдулазизовна,380416932771,323774600747111,Действует,Удмуртская Республика,Люга,E-commerce; товары для дома на маркетплейсах,,,,Микропредприятие; заявленная операционная выручка около 15 млн ₽ в месяц; 2 сотрудника; зарегистрированы товарные знаки RIEN и NE SHALI,,,,,S1,,"Собственник ищет руководителя продаж маркетплейсов для создания команды и системы с нуля, управления выручкой, конверсиями, рекламой и выводом новых SKU; заявлена цель расти на 10% в месяц и работа напрямую с собственником",,"Диагностика коммерческой системы маркетплейсов: P&L и unit-экономика по SKU, портфель брендов RIEN/NE SHALI, планирование запасов, рекламная эффективность, KPI команды и 90-дневная дорожная карта масштабирования",2026-02-04,,,,,,Гафурова Замира Абдулазизовна — собственник и основной ЛПР,,,Гафурова Замира Абдулазизовна,,,,,,,,,,HeadHunter; РБК Компании,CONTACT ROUTE FOUND,,1,МОЖНО СВЯЗЫВАТЬСЯ,1,,,Использовать только HH как корпоративный маршрут с просьбой передать сообщение Замире Гафуровой; ничего не готовить и не отправлять без отдельного разрешения,МОЖНО СВЯЗЫВАТЬСЯ,,2026-07-30T15:08:02+04:00,,GR-20260728-029
GRM-056,Magnitof,ООО «МАГНИТОФ»,9723261402,1257700430250,Действует,Москва,Москва,Производство и торговля; неодимовые магниты; B2B и B2C,,,,"Бренд заявляет 12 лет работы, 400+ видов продукции, оптовые и розничные продажи, доставку по России и собственное производство; новое ООО зарегистрировано 29.09.2025",,,,,Официальный сайт; HeadHunter; РБК Компании; Т-Банк Бизнес,,S1,,2026-02-05,https://hh.ru/vacancy/130210715,,,,,,Манучарян Рузанна Серёжаевна — учредитель 100% ООО; товарный знак MAGNITOF зарегистрирован за Кареном Григоряном,,,Григорян Карен Робертович — генеральный директор ООО и публичный операционный ЛПР,,,,,,,,,,Корпоративные маршруты к генеральному директору и собственнику,Официальный сайт; HeadHunter; реестровые источники,,CONTACT ROUTE FOUND,МОЖНО СВЯЗЫВАТЬСЯ,1,,,,"Использовать официальный телефон, email, форму сайта или HH с просьбой передать сообщение Карену Григоряну либо учредителю; ничего не готовить и не отправлять без отдельного разрешения",,2026-07-30T10:11:49+04:00,,GR-20260730-067
GRM-061,Hugency,ИП Валеева Луиза Альфиковна,732705295186,317502400050345,Действует,Московская область,Красногорск / удалённо,AI / performance marketing / digital agency,,,,действующий ИП с 2017 года; AI-агентство с собственными аккаунтами совокупной аудиторией около 1 млн подписчиков; стабильная заявленная выручка $30–40 тыс. в месяц; план международного отдела продаж,,,,,"Ориентировочный годовой эквивалент рассчитан из заявленной в HH стабильной месячной выручки $30–40 тыс.; для оценки использован средний уровень $35 тыс. и приблизительный курс, это не бухгалтерская отчётность",,S1,,2026-07-29,https://hh.ru/vacancy/130040961; https://www.hugency.ai/; https://www.tbank.ru/business/contractor/legal/317502400050345/,,,,,,Валеева Луиза Альфиковна,,,Валеева Луиза Альфиковна,,,,,,,,,,Owner-first маршрут через официальный сайт и вакансию подтверждённого ИП,Официальный сайт; HH; Т-Банк,,CONTACT ROUTE FOUND,МОЖНО СВЯЗЫВАТЬСЯ,1,,,,Во второй итерации перепроверить актуальность вакансии и перед любым контактом уточнить готовность собственника к внешнему коммерческому трекингу,,2026-07-29T00:08:00+04:00,,GR-20260729-030
GRM-066,Литтек,ООО «ЛИТТЕК»,7806523560,1147847126162,Действует,Санкт-Петербург,Санкт-Петербург,Производство и B2B-продажи; резинотехнические и силиконовые изделия,,,,Малый промышленный бизнес; собственная производственная база; серийные и опытные партии; 4 сотрудника по реестровому источнику,,,,,РБК Компании; официальный сайт,,S1,,2026-02-05,https://spb.hh.ru/vacancy/130055246,,,,,,Егоров Максимилиан Александрович — учредитель 100%,,,Егоров Максимилиан Александрович — генеральный директор и собственник,,,,,,,,,,Корпоративные маршруты к собственнику и генеральному директору,Официальный сайт; HeadHunter,,CONTACT ROUTE FOUND,МОЖНО СВЯЗЫВАТЬСЯ,1,,,,"Использовать корпоративный телефон, email, форму сайта или HH с просьбой передать сообщение Максимилиану Егорову; ничего не готовить и не отправлять без отдельного разрешения",,2026-07-30T07:10:22+04:00,,GR-20260730-064
GRM-067,LEONID GRIVKO,ООО «ДЕЛОВАЯ МОДА»,9718208989,1227700749210,Действует,Москва,Москва,Премиальная женская деловая одежда / fashion retail / собственное производство и онлайн-продажи,,,,"выручка 31,812 млн ₽ и чистая прибыль 1,811 млн ₽ за 2024 год; 8 сотрудников в 2025 году по открытым данным; бренд более 10 лет на рынке, собственный бутик и интернет-магазин",,,,,бухгалтерская отчётность за 2024 год по РБК Компании; операционный масштаб по официальному сайту и HH,,S1,,2026-02-15,https://hh.ru/vacancy/129468122; https://grivko.com/privacy.html; https://grivko.com/offer.html,,,,,,Черкасова Ирина Леонидовна,,,Леонид Борисович Гривко — фаундер и правообладатель бренда; Черкасова Ирина Леонидовна — собственник 100% и генеральный директор ООО,,,,,,,,,,Корпоративный маршрут к фаундеру и прямой owner-first маршрут через вакансию,Официальный сайт; РБК Компании; реестр товарных знаков; HH,,CONTACT ROUTE FOUND,МОЖНО СВЯЗЫВАТЬСЯ,1,,,,Во второй итерации подготовить обращение фаундеру по сборке единого коммерческого контура и запуску B2B; ничего не отправлять без отдельного разрешения,,2026-07-29T06:11:08+04:00,,GR-20260729-036
GRM-069,Лесоруб Бани,ИП Заречный Дмитрий Сергеевич,544591907648,319547600023547,Действует,Новосибирская область,Новосибирск; Бердск; Кемерово,B2C строительство каркасных бань и домов-бань под ключ,,,,собственное производство; офисы в Новосибирске и Бердске; выставочные площадки в Новосибирске и Кемерово; бренд заявляет 9 лет работы и рост x2 по ключевым показателям,,,,,Официальный сайт; HeadHunter; FIS.ru,,S1,,2026-02-05,https://novosibirsk.hh.ru/vacancy/129687086,,,,,,Заречный Дмитрий Сергеевич — владелец ИП и собственник бренда,,,Заречный Дмитрий Сергеевич — собственник и операционный ЛПР,,,,,,,,,,Корпоративные маршруты к собственнику,Официальный сайт; HeadHunter; FIS.ru,,CONTACT ROUTE FOUND,МОЖНО СВЯЗЫВАТЬСЯ,1,,,,Во второй итерации использовать корпоративный телефон/email или форму сайта с просьбой передать сообщение Дмитрию Заречному; ничего не готовить и не отправлять без отдельного разрешения,,2026-07-30T02:10:37+04:00,,GR-20260730-059
GRM-070,Городская Ферма,ООО «ГОРОДСКАЯ ФЕРМА»,7723381960,1157746213976,Действует,Москва,Москва,Развлечения и семейный досуг,Семейный интерактивный парк,https://gorodskayaferma.ru/,Частный коммерческий семейный парк интерактивного фермерства и ремёсел на территории ВДНХ,Малое предприятие,22,205610000,9530000,2025,T-Банк Бизнес / данные бухгалтерской отчётности,HIGH,S1,Компания запускает семейную клубную подписку и планирует увеличить посещаемость с 140 000 до 200 000 гостей в год; ищет коммерческого директора для построения новой системы продаж и маркетинга с прямой работой с собственником,2026-02-03,https://hh.ru/vacancy/129528164,Новый подписной продукт и цель роста посещаемости примерно на 43%,Действующий прибыльный парк с подтверждённым оборотом более 200 млн ₽ находится на этапе коммерческой трансформации,Есть конкретная цель роста новый продукт прямой доступ к собственнику и необходимость связать маркетинг продажи продукт и прибыль,Диагностика коммерческой модели подписки сегментация семейной базы продуктовая линейка CRM воронка партнёрства и P&L по каналам,Коммерческая диагностика и 90-дневная дорожная карта,Саарян Тигран Ашикович 80%; АО «Конгломерат САДР» 20%,,Нистратов Роман Валентинович,Нистратов Роман Валентинович,Генеральный директор; практический ЛПР для передачи собственнику,T-Банк Бизнес / ЕГРЮЛ,+7 (495) 968-31-28,info@gorferma24.ru,,,https://hh.ru/vacancy/129528164,https://gorodskayaferma.ru/contacts/,+7 (495) 589-15-74,Корпоративные маршруты с просьбой передать Нистратову Роману Валентиновичу или собственнику,Официальный сайт и HeadHunter,4,CONTACT ROUTE FOUND,МОЖНО СВЯЗЫВАТЬСЯ,1,Проверены бренд юрлицо ИНН ОГРН действующий статус масштаб владельцы руководитель сигнал и маршруты,2026-07-31T07:08:00+04:00,"Использовать официальный телефон, email, форму или HH с просьбой передать сообщение Роману Нистратову либо Тиграну Сааряну; ничего не готовить и не отправлять без отдельного разрешения",При отдельном разрешении подготовить консультационную гипотезу без позиционирования как соискателя,,2026-07-31T07:08:00+04:00,2026-07-31T07:08:00+04:00,GR-20260731-088
GRM-071,Строй-Инспект,ООО «СТРОЙ-ИНСПЕКТ»,7713478071,1207700382504,Действует,Москва,Москва,Инжиниринг,Инженерные изыскания; обследование; экспертиза; проектирование,https://stroy-inspekt.ru/,Частная инжиниринговая компания полного цикла с работой по России и портфелем сложных B2B/B2G объектов,Малое предприятие,1,97373000,17800000,2025,РБК Компании,HIGH,S1,Построение и развитие отдела продаж с нуля совместно с собственником; личные B2B/B2G продажи и системная воронка,2026-07-30,https://hh.ru/; https://stroy-inspekt.ru/; https://companies.rbc.ru/id/1207700382504-obschestvo-s-ogranichennoj-otvetstvennostyu-stroj-inspekt/,Активный управленческий найм на создание продаж с нуля,Выручка почти удвоилась за 2025 год; требуется закрепить рост управляемой коммерческой системой,Сильное совпадение профиля: собственник доступен; прямой S1-сигнал; подтвержденные финансы; проектные B2B/B2G продажи; практические корпоративные маршруты,Диагностика коммерческого контура; сегментация B2B/B2G; CRM-воронка; KPI; план развития ключевых клиентов и тендерного канала,Коммерческая диагностика и 90-дневная дорожная карта,Валевич Денис Михайлович,Валевич Денис Михайлович,Валевич Денис Михайлович,Валевич Денис Михайлович,Собственник 100% и генеральный директор,РБК Компании и официальный сайт,+7 (495) 128-77-47,,,https://hh.ru/,https://stroy-inspekt.ru/contacts.html,+7 (905) 714-66-63,Корпоративный маршрут с просьбой передать сообщение Денису Валевичу,Официальный сайт и HeadHunter,3,CONTACT ROUTE FOUND,МОЖНО СВЯЗЫВАТЬСЯ,МОЖНО СВЯЗЫВАТЬСЯ,Проверены дедупликация юрлицо финансы собственник сигнал и маршруты,2026-07-30T22:09:00+04:00,,При отдельной команде подготовить персонализированную гипотезу без позиционирования кандидатом,Во второй итерации подготовить обращение Денису Валевичу по построению управляемой B2B/B2G-коммерческой системы; ничего не отправлять без отдельного разрешения,2026-07-30T22:09:00+04:00,2026-07-30T22:09:00+04:00,GR-20260730-079,GR-20260729-040
GRM-074,НИЦ ОБСК,ООО «НАУЧНО-ИССЛЕДОВАТЕЛЬСКИЙ ЦЕНТР ОБЕСПЕЧЕНИЯ БЕЗОПАСНОСТИ СТРОИТЕЛЬНОГО КОМПЛЕКСА»,7726348337,1157746718491,Действует,Москва,Москва,"B2B дополнительное профессиональное образование, охрана труда, промышленная и пожарная безопасность",,,,малое предприятие; 21 сотрудник по данным РБК; официальный сайт заявляет около 75 000 выпускников и работу с компаниями по всей России,,,,,РБК Компании; Фирмотека; официальный сайт,,S1,,2026-01-28,https://hh.ru/vacancy/129976330,,,,,,Акопян Михаел Камоевич — учредитель 100% и генеральный директор,,,Акопян Михаел Камоевич — собственник и операционный ЛПР,,,,,,,,,,Корпоративные маршруты к собственнику,Официальный сайт; РБК Компании; Фирмотека; HeadHunter,,CONTACT ROUTE FOUND,МОЖНО СВЯЗЫВАТЬСЯ,1,,,,Во второй итерации использовать форму «Написать директору» или корпоративный телефон/email с просьбой передать сообщение Михаелу Акопяну; ничего не готовить и не отправлять без отдельного разрешения,,2026-07-30T01:16:07+04:00,,GR-20260730-058
GRM-075,YOULAB,ИП Коренков Андрей Валерьевич,422803894673,318420500044270,Действует,Москва,Москва,E-commerce и производство подарочных наборов; B2C и корпоративные подарки,,,,"микробизнес; работает с 2018 года; более 1 млн отправленных наборов; продажи на Wildberries, Ozon и Яндекс Маркете; минимум 5 автоматизированных рабочих мест по внедрению 1С",,,,,"Публичная бухгалтерская отчётность ИП отсутствует; масштаб подтверждён HH-профилем работодателя, вакансиями и внедрением 1С",,S1,,2026-02-01,https://hh.ru/vacancy/129435650,,,,,,Коренков Андрей Валерьевич — основатель бренда и правообладатель товарного знака; действующий ИП,,,Коренков Андрей Валерьевич — собственник и операционный ЛПР,,,,,,,,,,Корпоративный маршрут к собственнику через работодателя,HeadHunter; РБК Компании; 1С,,CONTACT ROUTE FOUND,МОЖНО СВЯЗЫВАТЬСЯ,1,,,,Во второй итерации использовать маршрут HH с просьбой передать Андрею Коренкову предложение по коммерческому аудиту; ничего не готовить и не отправлять без отдельного разрешения,,2026-07-29T12:08:22+04:00,,GR-20260729-044
GRM-077,Алтайский заготовитель,ООО «ЦВЕТ ЛЕТА»,2222875776,1192225014629,Действует,Алтайский край,Барнаул,"Производство и e-commerce; БАДы, натуральные экстракты, СТМ и маркетплейсы",,,,"Малый производственный бизнес; собственное производство; 50+ сотрудников по официальному СТМ-сайту; 95+ готовых рецептур; B2C, опт и контрактное производство",,,,,РБК Компании; B2B.House; официальный сайт,,S1,,2026-01-23,https://hh.ru/vacancy/129388823,,,,,,Коростелев Денис Владиславович — учредитель 100%,,,Коростелев Денис Владиславович — директор и собственник,,,,,,,,,,Корпоративные маршруты к собственнику и директору,Официальные сайты; HeadHunter,,CONTACT ROUTE FOUND,МОЖНО СВЯЗЫВАТЬСЯ,1,,,,"Использовать корпоративный телефон, email, формы сайта или HH с просьбой передать сообщение Денису Коростелеву; ничего не готовить и не отправлять без отдельного разрешения",,2026-07-30T08:08:31+04:00,,GR-20260730-065
GRM-078,ТоталТехКом,ООО «ТОТАЛТЕХКОМ»,7728433789,1187746609071,Действует,Москва,Москва,Оптовая торговля / Сервис,Складская техника запчасти ремонт и обслуживание,https://totaltehkom.ru/,Поставщик складской и грузоподъёмной техники JAC и SHANN с сервисом ремонтом и запасными частями,Малое предприятие,24,299224000,6212000,2025,РБК Компании; B2B.House,HIGH,S1,Собственник лично ищет РОП для роста внедрения CRM автоматизации продаж управления ключевыми клиентами и повышения эффективности,2026-02-05,https://hh.ru/vacancy/130073979,Рост выручки с 220.956 млн до 299.224 млн и увеличение команды,Компания сочетает продажи техники сервис и запчасти в едином B2B-контуре с длинными сделками и повторным сервисным доходом,Действующее юрлицо владелец масштаб официальный сайт и прямой owner-first сигнал подтверждены; компания находится в верхней границе целевого диапазона но запрос сформулирован собственником,Диагностика коммерческого контура по направлениям техника сервис запчасти; CRM-воронка KPI маржинальность повторные продажи и 90-дневная программа роста,Коммерческая диагностика и 90-дневная программа роста,Романьков Михаил Владимирович,Романьков Михаил Владимирович,Романьков Михаил Владимирович,Романьков Михаил Владимирович,Собственник 100% и генеральный директор,РБК Компании; Т-Банк; HeadHunter,+7 (499) 533-60-57,zakaz@totaltehkom.ru,,,https://hh.ru/vacancy/130073979,https://totaltehkom.ru/,stakhina@totaltehkom.ru; +7 (926) 957-64-63,Корпоративные маршруты с просьбой передать сообщение Михаилу Романькову,Официальный сайт и HeadHunter,5,CONTACT ROUTE FOUND,МОЖНО СВЯЗЫВАТЬСЯ,1,Подтверждены юрлицо ИНН ОГРН собственник финансы операционный масштаб S1-сигнал и корпоративные маршруты,2026-07-31T12:10:36+04:00,,При отдельной команде подготовить отраслевой benchmark и консультационную гипотезу без позиционирования как соискателя,,2026-07-31T12:10:36+04:00,2026-07-31T12:10:36+04:00,GR-20260731-093
GRM-079,Flaconia Pro,ИП Филигаров Максим Игоревич,772880332527,321774600002766,Действует,Москва и Московская область,Москва / Подольск,"B2B-поставка тары и упаковки для косметики, парфюмерии и медицины; опт, импорт и производство",,,,малый частный бизнес; склад в Московской области; поставки производствам; производство полного цикла более 550 000 единиц продукции в сутки,,,,,"Для ИП публичная бухгалтерская выручка не используется; масштаб подтверждён официальным сайтом, производственными мощностями, складом, ассортиментом и B2B-моделью",,S1,,2026-01-16,https://hh.ru/vacancy/129535513,,,,,,Филигаров Максим Игоревич — индивидуальный предприниматель и правообладатель товарного знака FLACONIA PRO,,,Филигаров Максим Игоревич — собственник и операционный ЛПР,,,,,,,,,,Корпоративные маршруты к собственнику и операционному ЛПР,Официальный сайт Flaconia Pro; HeadHunter; РБК Компании,,CONTACT ROUTE FOUND,МОЖНО СВЯЗЫВАТЬСЯ,1,,,,Во второй итерации использовать корпоративные маршруты с просьбой передать предложение Максиму Филигарову; ничего не готовить и не отправлять без отдельного разрешения,,2026-07-29T16:10:19+04:00,,GR-20260729-048
GRM-091,ЭКО Земли,ИП Кобзев Олег Владимирович,781000523612,305784723000120,Действует,Москва / Московская область,Москва,Загородная недвижимость; продажа и развитие земельных посёлков,,,,14 лет на рынке; 39 построенных посёлков; 2415+ участков в продаже; 6 районов Подмосковья,,,,,Официальный сайт; HeadHunter; РБК Компании,,S1,,2026-01-19,https://hh.ru/vacancy/129616788,,,,,,Кобзев Олег Владимирович — владелец ИП и юридической базы бренда,,,Кобзев Олег Владимирович — собственник и операционный ЛПР,,,,,,,,,,Корпоративные маршруты к собственнику,Официальный сайт; HeadHunter,,CONTACT ROUTE FOUND,МОЖНО СВЯЗЫВАТЬСЯ,1,,,,Во второй итерации использовать корпоративный телефон/email или форму сайта с просьбой передать сообщение Олегу Кобзеву; ничего не готовить и не отправлять без отдельного разрешения,,2026-07-30T04:09:26+04:00,,GR-20260730-061
GRM-096,Зубы за один день,ООО «МАРКСИСТСКАЯ - ЗУБЫ ЗА ОДИН ДЕНЬ»,9709102305,1237700814438,Действует,Москва,Москва,Федеральная сеть стоматологических клиник; премиальные медицинские услуги,,,,Сеть из 7–8 клиник в городах России; план расширения до 50 филиалов; официальный сайт перечисляет семь действующих юрлиц и клиник,,,,,Официальный сайт; HeadHunter; РБК Компании,,S1,,2026-01-27,https://hh.ru/vacancy/129907342; https://hh.ru/vacancy/129506935,,,,,,Кудаев Залим Валерьевич — учредитель 100% представительского московского ООО,,,Ширяева Наталья Ивановна — руководитель московского ООО; Кудаев Залим Валерьевич — собственник,,,,,,,,,,Корпоративные маршруты к руководителю или собственнику,Официальный сайт; HeadHunter,,CONTACT ROUTE FOUND,МОЖНО СВЯЗЫВАТЬСЯ,1,,,,"Использовать центральный телефон, email, формы сайта или HH с просьбой передать сообщение Залиму Кудаеву либо руководителю сети; ничего не готовить и не отправлять без отдельного разрешения",,2026-07-30T09:10:11+04:00,,GR-20260730-066
GRM-103,Лапушкины Снеки,ИП Лапушкин Сергей Андреевич,540446415153,313547624900067,Действует,Новосибирская область,Новосибирск,Производство продуктов питания,Сухарики гренки арахис и снеки для оптовых и дистрибьюторских каналов,https://лапушкины.рф/,Семейное производство снеков с федеральной и СНГ-географией поставок и оптовой моделью,Малое производственное предприятие,,,,Операционный масштаб,Официальный сайт и HeadHunter,MEDIUM,S1,Собственник ищет руководителя продаж для развития оптового направления удвоения клиентской базы и построения команды; работа напрямую с собственником,2026-02-09,https://novosibirsk.hh.ru/vacancy/130262807,,Более 90 клиентов; 90% клиентской базы — дистрибьюторы и оптовые компании; собственное производство можно увеличить вдвое; официальный сайт заявляет 40+ городов 15 лет на рынке 10000+ заказов и поставки по России и СНГ,Действующий ИП и связь бренда с владельцем подтверждены; сильный owner-first сигнал; есть официальный телефон сайт HH и отдельный корпоративный email из отраслевой карточки,Диагностика дистрибьюторского канала; сегментация регионов и клиентов; P&L по продуктам и каналам; CRM-воронка; KPI и мотивация; план удвоения активной клиентской базы,Коммерческая диагностика и архитектура оптовых продаж,Лапушкин Сергей Андреевич,Лапушкин Сергей Андреевич,Лапушкин Сергей Андреевич,Лапушкин Сергей Андреевич,Собственник / ИП,Официальный сайт отраслевой каталог реестр ИП и HeadHunter,+7 (913) 946-49-88,zakaz@specpozakuske.ru,,,https://novosibirsk.hh.ru/vacancy/130262807,https://лапушкины.рф/,Дополнительный телефон +7 (913) 460-71-21,Корпоративные каналы с просьбой передать сообщение Сергею Лапушкину,Официальный сайт и ProductCenter,4,CONTACT ROUTE FOUND,МОЖНО СВЯЗЫВАТЬСЯ,1,Подтверждены ИП ИНН ОГРНИП бренд собственник операционный масштаб S1-сигнал и маршруты,2026-07-31T03:08:00+04:00,"Использовать корпоративный телефон, email, форму сайта или HH с просьбой передать сообщение Сергею Лапушкину; ничего не готовить и не отправлять без отдельного разрешения",Не готовить обращение без отдельной команды,,2026-07-31T03:08:00+04:00,2026-07-31T03:08:00+04:00,GR-20260731-084
GRM-106,Digniori Arts,ООО «ДИГНИОРИ АРТС»,9718071830,1177746656548,Действует,Москва,Москва,Строительство; премиальная недвижимость; проектные B2B/B2C-продажи,,,,"С 2011 года; 549 завершённых проектов; 90% клиентов по рекомендациям; 14 сотрудников; выручка 2025 — 447,542 млн ₽; прибыль — 45,080 млн ₽",,,,,S1,,Компания ищет руководителя продаж для создания коммерческого подразделения с нуля в премиальном строительстве; вакансия предусматривает работу напрямую с собственником и влияние на архитектуру продаж,,"Диагностика коммерческой системы премиального проектного бизнеса: сегментация и путь клиента, экономика источников и проектов, CRM-воронка, квалификация лидов, стандарты продаж, KPI, прогнозирование и 90-дневный запуск отдела",2026-01-20,,,,,,Дрожалин Арсений Игоревич — собственник и основной ЛПР,,,+7 (495) 108-40-98,,,,,,,,,,HeadHunter; РБК Компании; публичная карточка премии; корпоративная карточка,CONTACT ROUTE FOUND,,1,НУЖНА ДОПРОВЕРКА,,,,"Использовать корпоративный телефон, email, Telegram или HH с просьбой передать сообщение Арсению Дрожалину; ничего не готовить и не отправлять без отдельного разрешения",МОЖНО СВЯЗЫВАТЬСЯ,,2026-07-30T19:11:30+04:00,,
GRM-108,SAVINSNAME,ИП Игнатенко Олег Александрович,260704372217,318237500326460,Действует,Краснодарский край,Краснодар,Промышленное оборудование; производство станков с ЧПУ; B2B,,,,100+ специалистов; 3500 м² производственных площадей; более 15 000 поставленных единиц оборудования; мощность до 5 000 станков в год; поставки в 15+ стран; офисы продаж в Краснодаре и Москве,,,,,S1,,"Производитель искал коммерческого директора для развития продаж и маркетинга, влияния на стратегические решения и работы напрямую с собственником; бизнес находится в фазе масштабирования производственного холдинга",,"Коммерческая диагностика производственного бизнеса: сегментация B2B-клиентов и каналов, продуктовая и маржинальная матрица, дилерская сеть, CRM и сквозная аналитика, P&L по направлениям, KPI продаж и маркетинга, 90-дневный план масштабирования",2026-01-22,,,,,,Игнатенко Олег Александрович — собственник; Денис Веселов — публично указанный руководитель отдела продаж,,,8 (800) 707-63-34; +7 (861) 217-66-66; 8 (861) 252-08-20; 8 (861) 252-08-48,,,,,,,,,,Официальный сайт; HeadHunter; реестровые источники; реестр товарных знаков,CONTACT ROUTE FOUND,,1,НУЖНА ДОПРОВЕРКА,,,,"Использовать официальный телефон, email, форму или HH с просьбой передать сообщение Олегу Игнатенко; ничего не готовить и не отправлять без отдельного разрешения",МОЖНО СВЯЗЫВАТЬСЯ,,2026-07-30T21:11:46+04:00,,
